city,hotel_name,url,rating,description,city_id
Mont Saint Michel,Le Mouton Blanc,https://www.booking.com/hotel/fr/le-mouton-blanc-le-mont-saint-michel.fr.html?aid=304142&label=gen173nr-10CAQoggJCGHNlYXJjaF9tb250IHNhaW50IG1pY2hlbEgNWARoTYgBAZgBM7gBF8gBDNgBA-gBAfgBAYgCAagCAbgCm7TozwbAAgHSAiQyYTA0OTM3NS0wY2QwLTQ0NTctODg5OS0yYTg4MDFhMDhiYzfYAgHgAgE&ucfs=1&arphpl=1&group_adults=2&req_adults=2&no_rooms=1&group_children=0&req_children=0&hpos=13&hapos=13&sr_order=popularity&srpvid=e19b738db5b20385&srepoch=1777998369&from=searchresults,7.3,N/A,1
Mont Saint Michel,Le Relais Du Roy,https://www.booking.com/hotel/fr/le-relais-du-roy.fr.html?aid=304142&label=gen173nr-10CAQoggJCGHNlYXJjaF9tb250IHNhaW50IG1pY2hlbEgNWARoTYgBAZgBM7gBF8gBDNgBA-gBAfgBAYgCAagCAbgCm7TozwbAAgHSAiQyYTA0OTM3NS0wY2QwLTQ0NTctODg5OS0yYTg4MDFhMDhiYzfYAgHgAgE&ucfs=1&arphpl=1&group_adults=2&req_adults=2&no_rooms=1&group_children=0&req_children=0&hpos=14&hapos=14&sr_order=popularity&srpvid=e19b738db5b20385&srepoch=1777998369&from=searchresults,8.3,N/A,1
Mont Saint Michel,Hôtel la Croix Blanche,https://www.booking.com/hotel/fr/ha-el-la-croix-blanche.fr.html?aid=304142&label=gen173nr-10CAQoggJCGHNlYXJjaF9tb250IHNhaW50IG1pY2hlbEgNWARoTYgBAZgBM7gBF8gBDNgBA-gBAfgBAYgCAagCAbgCm7TozwbAAgHSAiQyYTA0OTM3NS0wY2QwLTQ0NTctODg5OS0yYTg4MDFhMDhiYzfYAgHgAgE&ucfs=1&arphpl=1&group_adults=2&req_adults=2&no_rooms=1&group_children=0&req_children=0&hpos=15&hapos=15&sr_order=popularity&srpvid=e19b738db5b20385&srepoch=1777998369&from=searchresults,8.2,N/A,1
St Malo,Le Nid Cosy - Studio proche de la plage,https://www.booking.com/hotel/fr/le-nid-studio-proche-de-la-plage.fr.html?aid=304142&label=gen173nr-10CAQoggJCDnNlYXJjaF9zdCBtYWxvSA1YBGhNiAEBmAEzuAEXyAEM2AED6AEB-AEBiAIBqAIBuAK0tOjPBsACAdICJDlkYjZmY2NkLTM0NjQtNDU4MS1iYWQyLWY5YjI4YWY4MTdlY9gCAeACAQ&ucfs=1&arphpl=1&group_adults=2&req_adults=2&no_rooms=1&group_children=0&req_children=0&hpos=13&hapos=13&sr_order=popularity&srpvid=af40739a94a30459&srepoch=1777998395&from=searchresults,8.5,N/A,2
St Malo,L'Emeraude,https://www.booking.com/hotel/fr/l-39-emeraude-saint-malo.fr.html?aid=304142&label=gen173nr-10CAQoggJCDnNlYXJjaF9zdCBtYWxvSA1YBGhNiAEBmAEzuAEXyAEM2AED6AEB-AEBiAIBqAIBuAK0tOjPBsACAdICJDlkYjZmY2NkLTM0NjQtNDU4MS1iYWQyLWY5YjI4YWY4MTdlY9gCAeACAQ&ucfs=1&arphpl=1&group_adults=2&req_adults=2&no_rooms=1&group_children=0&req_children=0&hpos=14&hapos=14&sr_order=popularity&srpvid=af40739a94a30459&srepoch=1777998395&from=searchresults,9.4,N/A,2
St Malo,Studio Le sillon malouin vue mer,https://www.booking.com/hotel/fr/studio-vue-mer-saint-malo.fr.html?aid=304142&label=gen173nr-10CAQoggJCDnNlYXJjaF9zdCBtYWxvSA1YBGhNiAEBmAEzuAEXyAEM2AED6AEB-AEBiAIBqAIBuAK0tOjPBsACAdICJDlkYjZmY2NkLTM0NjQtNDU4MS1iYWQyLWY5YjI4YWY4MTdlY9gCAeACAQ&ucfs=1&arphpl=1&group_adults=2&req_adults=2&no_rooms=1&group_children=0&req_children=0&hpos=15&hapos=15&sr_order=popularity&srpvid=af40739a94a30459&srepoch=1777998395&from=searchresults,9.8,N/A,2
Bayeux,Novotel Bayeux,https://www.booking.com/hotel/fr/novotel.fr.html?aid=304142&label=gen173nr-10CAQoggJCDXNlYXJjaF9iYXlldXhIDVgEaE2IAQGYATO4ARfIAQzYAQPoAQH4AQGIAgGoAgG4As606M8GwAIB0gIkMmQ3YWI2NDktZDAzMC00YzVjLTk1MGMtMTU3ZDYxYTE1MjI42AIB4AIB&ucfs=1&arphpl=1&group_adults=2&req_adults=2&no_rooms=1&group_children=0&req_children=0&hpos=13&hapos=13&sr_order=popularity&srpvid=e35073a75fb40390&srepoch=1777998420&from_sustainable_property_sr=1&from=searchresults,8.2,N/A,3
Bayeux,Le Petit Matin,https://www.booking.com/hotel/fr/le-petit-matin.fr.html?aid=304142&label=gen173nr-10CAQoggJCDXNlYXJjaF9iYXlldXhIDVgEaE2IAQGYATO4ARfIAQzYAQPoAQH4AQGIAgGoAgG4As606M8GwAIB0gIkMmQ3YWI2NDktZDAzMC00YzVjLTk1MGMtMTU3ZDYxYTE1MjI42AIB4AIB&ucfs=1&arphpl=1&group_adults=2&req_adults=2&no_rooms=1&group_children=0&req_children=0&hpos=14&hapos=14&sr_order=popularity&srpvid=e35073a75fb40390&srepoch=1777998420&from=searchresults,9.4,N/A,3
Bayeux,Château de Monceaux 5mn de Bayeux proche Mer,https://www.booking.com/hotel/fr/le-chateau-de-monceau.fr.html?aid=304142&label=gen173nr-10CAQoggJCDXNlYXJjaF9iYXlldXhIDVgEaE2IAQGYATO4ARfIAQzYAQPoAQH4AQGIAgGoAgG4As606M8GwAIB0gIkMmQ3YWI2NDktZDAzMC00YzVjLTk1MGMtMTU3ZDYxYTE1MjI42AIB4AIB&ucfs=1&arphpl=1&group_adults=2&req_adults=2&no_rooms=1&group_children=0&req_children=0&hpos=15&hapos=15&sr_order=popularity&srpvid=e35073a75fb40390&srepoch=1777998420&from=searchresults,9.5,N/A,3
Le Havre,"Hôtel Richelieu, Le Havre Centre-Ville, Perret",https://www.booking.com/hotel/fr/le-richelieu-le-havre.fr.html?aid=304142&label=gen173nr-10CAQoggJCD3NlYXJjaF9sZSBoYXZyZUgNWARoTYgBAZgBM7gBF8gBDNgBA-gBAfgBAYgCAagCAbgC57TozwbAAgHSAiRiODUwMjc3MS1iODVlLTRlM2MtYTU2Yi0yNTJhOWQ4MjA3ZWPYAgHgAgE&ucfs=1&arphpl=1&group_adults=2&req_adults=2&no_rooms=1&group_children=0&req_children=0&hpos=13&hapos=13&sr_order=popularity&srpvid=bc7373b3043504be&srepoch=1777998445&from=searchresults,8.2,N/A,4
Le Havre,JOST Auberge de Jeunesse Le Havre Centre Gare,https://www.booking.com/hotel/fr/melt-auberge-de-jeunesse-le-havre-centre-gare.fr.html?aid=304142&label=gen173nr-10CAQoggJCD3NlYXJjaF9sZSBoYXZyZUgNWARoTYgBAZgBM7gBF8gBDNgBA-gBAfgBAYgCAagCAbgC57TozwbAAgHSAiRiODUwMjc3MS1iODVlLTRlM2MtYTU2Yi0yNTJhOWQ4MjA3ZWPYAgHgAgE&ucfs=1&arphpl=1&group_adults=2&req_adults=2&no_rooms=1&group_children=0&req_children=0&hpos=14&hapos=14&sr_order=popularity&srpvid=bc7373b3043504be&srepoch=1777998445&from=searchresults,8.5,N/A,4
Le Havre,Birgit Hôtel Le Havre Centre,https://www.booking.com/hotel/fr/kyriadlehavrecentre.fr.html?aid=304142&label=gen173nr-10CAQoggJCD3NlYXJjaF9sZSBoYXZyZUgNWARoTYgBAZgBM7gBF8gBDNgBA-gBAfgBAYgCAagCAbgC57TozwbAAgHSAiRiODUwMjc3MS1iODVlLTRlM2MtYTU2Yi0yNTJhOWQ4MjA3ZWPYAgHgAgE&ucfs=1&arphpl=1&group_adults=2&req_adults=2&no_rooms=1&group_children=0&req_children=0&hpos=15&hapos=15&sr_order=popularity&srpvid=bc7373b3043504be&srepoch=1777998445&from=searchresults,8.4,N/A,4
Rouen,Holiday Inn Express - Rouen Centre - Rive Gauche by IHG,https://www.booking.com/hotel/fr/holiday-inn-express-rouen-centre-rive-gauche.fr.html?aid=304142&label=gen173nr-10CAQoggJCDHNlYXJjaF9yb3VlbkgNWARoTYgBAZgBM7gBF8gBDNgBA-gBAfgBAYgCAagCAbgCgLXozwbAAgHSAiRjOTQ4YjZiYi1iMmI4LTQyN2EtOWUxNS1hMjE1YzViNDk3YWXYAgHgAgE&ucfs=1&arphpl=1&group_adults=2&req_adults=2&no_rooms=1&group_children=0&req_children=0&hpos=13&hapos=13&sr_order=popularity&srpvid=d5b273c0ac2500d1&srepoch=1777998470&from=searchresults,8.5,N/A,5
Rouen,Mercure Rouen Centre Champ de Mars,https://www.booking.com/hotel/fr/mercure-rouen-champ-de-mars.fr.html?aid=304142&label=gen173nr-10CAQoggJCDHNlYXJjaF9yb3VlbkgNWARoTYgBAZgBM7gBF8gBDNgBA-gBAfgBAYgCAagCAbgCgLXozwbAAgHSAiRjOTQ4YjZiYi1iMmI4LTQyN2EtOWUxNS1hMjE1YzViNDk3YWXYAgHgAgE&ucfs=1&arphpl=1&group_adults=2&req_adults=2&no_rooms=1&group_children=0&req_children=0&hpos=14&hapos=14&sr_order=popularity&srpvid=d5b273c0ac2500d1&srepoch=1777998470&from_sustainable_property_sr=1&from=searchresults,8.2,N/A,5
Rouen,Appartement confortable et élégant en centre ville,https://www.booking.com/hotel/fr/appartement-confortable-et-elegant-en-centre-ville.fr.html?aid=304142&label=gen173nr-10CAQoggJCDHNlYXJjaF9yb3VlbkgNWARoTYgBAZgBM7gBF8gBDNgBA-gBAfgBAYgCAagCAbgCgLXozwbAAgHSAiRjOTQ4YjZiYi1iMmI4LTQyN2EtOWUxNS1hMjE1YzViNDk3YWXYAgHgAgE&ucfs=1&arphpl=1&group_adults=2&req_adults=2&no_rooms=1&group_children=0&req_children=0&hpos=15&hapos=15&sr_order=popularity&srpvid=d5b273c0ac2500d1&srepoch=1777998470&from=searchresults,9.1,N/A,5
Paris,Hilton Garden Inn Paris La Villette,https://www.booking.com/hotel/fr/hilton-garden-inn-paris-la-villette.fr.html?aid=304142&label=gen173nr-10CAQoggJCDHNlYXJjaF9wYXJpc0gNWARoTYgBAZgBM7gBF8gBDNgBA-gBAfgBAYgCAagCAbgCmrXozwbAAgHSAiQ2Zjc5Y2QyZS03MDVlLTQwYmYtYmNmYy05OGZhNjYyYjQ2YWTYAgHgAgE&ucfs=1&arphpl=1&group_adults=2&req_adults=2&no_rooms=1&group_children=0&req_children=0&hpos=13&hapos=13&sr_order=popularity&srpvid=89eb73cdeb5800fa&srepoch=1777998496&from_sustainable_property_sr=1&from=searchresults,8.5,N/A,6
Paris,Moxy Paris Bastille,https://www.booking.com/hotel/fr/moxy-paris-bastille.fr.html?aid=304142&label=gen173nr-10CAQoggJCDHNlYXJjaF9wYXJpc0gNWARoTYgBAZgBM7gBF8gBDNgBA-gBAfgBAYgCAagCAbgCmrXozwbAAgHSAiQ2Zjc5Y2QyZS03MDVlLTQwYmYtYmNmYy05OGZhNjYyYjQ2YWTYAgHgAgE&ucfs=1&arphpl=1&group_adults=2&req_adults=2&no_rooms=1&group_children=0&req_children=0&hpos=14&hapos=14&sr_order=popularity&srpvid=89eb73cdeb5800fa&srepoch=1777998496&from_sustainable_property_sr=1&from=searchresults,8.0,N/A,6
Paris,Prince Albert Lyon Bercy,https://www.booking.com/hotel/fr/prince-albert-lyon-bercy.fr.html?aid=304142&label=gen173nr-10CAQoggJCDHNlYXJjaF9wYXJpc0gNWARoTYgBAZgBM7gBF8gBDNgBA-gBAfgBAYgCAagCAbgCmrXozwbAAgHSAiQ2Zjc5Y2QyZS03MDVlLTQwYmYtYmNmYy05OGZhNjYyYjQ2YWTYAgHgAgE&ucfs=1&arphpl=1&group_adults=2&req_adults=2&no_rooms=1&group_children=0&req_children=0&hpos=15&hapos=15&sr_order=popularity&srpvid=89eb73cdeb5800fa&srepoch=1777998496&from=searchresults,8.3,N/A,6
Amiens,Mercure Amiens Cathédrale,https://www.booking.com/hotel/fr/mercure-amiens-cathdrale.fr.html?aid=304142&label=gen173nr-10CAQoggJCDXNlYXJjaF9hbWllbnNIDVgEaE2IAQGYATO4ARfIAQzYAQPoAQH4AQGIAgGoAgG4ArO16M8GwAIB0gIkZmI3MDFkZGUtNzM5Ni00MDY5LTljY2EtNzcxNzMyZjJhYWFl2AIB4AIB&ucfs=1&arphpl=1&group_adults=2&req_adults=2&no_rooms=1&group_children=0&req_children=0&hpos=13&hapos=13&sr_order=popularity&srpvid=ae3d73d923990372&srepoch=1777998521&from_sustainable_property_sr=1&from=searchresults,8.4,N/A,7
Amiens,Appartement Les Jardins de Jules Verne - Côté Jardin,https://www.booking.com/hotel/fr/les-jardins-de-jules-verne-cote-jardin-amiens.fr.html?aid=304142&label=gen173nr-10CAQoggJCDXNlYXJjaF9hbWllbnNIDVgEaE2IAQGYATO4ARfIAQzYAQPoAQH4AQGIAgGoAgG4ArO16M8GwAIB0gIkZmI3MDFkZGUtNzM5Ni00MDY5LTljY2EtNzcxNzMyZjJhYWFl2AIB4AIB&ucfs=1&arphpl=1&group_adults=2&req_adults=2&no_rooms=1&group_children=0&req_children=0&hpos=14&hapos=14&sr_order=popularity&srpvid=ae3d73d923990372&srepoch=1777998521&from=searchresults,9.3,N/A,7
Amiens,Comfort Hotel Amiens Nord,https://www.booking.com/hotel/fr/kyriad-amiens-nord-xml.fr.html?aid=304142&label=gen173nr-10CAQoggJCDXNlYXJjaF9hbWllbnNIDVgEaE2IAQGYATO4ARfIAQzYAQPoAQH4AQGIAgGoAgG4ArO16M8GwAIB0gIkZmI3MDFkZGUtNzM5Ni00MDY5LTljY2EtNzcxNzMyZjJhYWFl2AIB4AIB&ucfs=1&arphpl=1&group_adults=2&req_adults=2&no_rooms=1&group_children=0&req_children=0&hpos=15&hapos=15&sr_order=popularity&srpvid=ae3d73d923990372&srepoch=1777998521&from_sustainable_property_sr=1&from=searchresults,7.3,N/A,7
Lille,Novotel Suites Lille Europe,https://www.booking.com/hotel/fr/suitehotel-lille-europe.fr.html?aid=304142&label=gen173nr-10CAQoggJCDHNlYXJjaF9saWxsZUgNWARoTYgBAZgBM7gBF8gBDNgBA-gBAfgBAYgCAagCAbgCzLXozwbAAgHSAiQxOTY0YmU0Yy05NWE0LTQ1MGYtOGQwOC0wNmVkNGFkOThlMjPYAgHgAgE&ucfs=1&arphpl=1&group_adults=2&req_adults=2&no_rooms=1&group_children=0&req_children=0&hpos=13&hapos=13&sr_order=popularity&srpvid=20f073e6fd5f09ed&srepoch=1777998546&from_sustainable_property_sr=1&from=searchresults,7.9,N/A,8
Lille,Appart'City Confort Lille - Euralille,https://www.booking.com/hotel/fr/appart-city-cap-affaires-lille.fr.html?aid=304142&label=gen173nr-10CAQoggJCDHNlYXJjaF9saWxsZUgNWARoTYgBAZgBM7gBF8gBDNgBA-gBAfgBAYgCAagCAbgCzLXozwbAAgHSAiQxOTY0YmU0Yy05NWE0LTQ1MGYtOGQwOC0wNmVkNGFkOThlMjPYAgHgAgE&ucfs=1&arphpl=1&group_adults=2&req_adults=2&no_rooms=1&group_children=0&req_children=0&hpos=14&hapos=14&sr_order=popularity&srpvid=20f073e6fd5f09ed&srepoch=1777998546&from_sustainable_property_sr=1&from=searchresults,8.3,N/A,8
Lille,Holiday Inn Express Lille Centre by IHG,https://www.booking.com/hotel/fr/expressbyholidayinnlille.fr.html?aid=304142&label=gen173nr-10CAQoggJCDHNlYXJjaF9saWxsZUgNWARoTYgBAZgBM7gBF8gBDNgBA-gBAfgBAYgCAagCAbgCzLXozwbAAgHSAiQxOTY0YmU0Yy05NWE0LTQ1MGYtOGQwOC0wNmVkNGFkOThlMjPYAgHgAgE&ucfs=1&arphpl=1&group_adults=2&req_adults=2&no_rooms=1&group_children=0&req_children=0&hpos=15&hapos=15&sr_order=popularity&srpvid=20f073e6fd5f09ed&srepoch=1777998546&from_sustainable_property_sr=1&from=searchresults,8.2,N/A,8
Strasbourg,ibis Strasbourg Centre Gare,https://www.booking.com/hotel/fr/ibis-strasbourg-centre-gare.fr.html?aid=304142&label=gen173nr-10CAQoggJCEXNlYXJjaF9zdHJhc2JvdXJnSA1YBGhNiAEBmAEzuAEXyAEM2AED6AEB-AEBiAIBqAIBuALltejPBsACAdICJGY0MWIyN2VkLTMzNGEtNGQyOS1iZGQwLTJiYTJkNzIwMWY0NdgCAeACAQ&ucfs=1&arphpl=1&group_adults=2&req_adults=2&no_rooms=1&group_children=0&req_children=0&hpos=13&hapos=13&sr_order=popularity&srpvid=006673f2d2d005c5&srepoch=1777998571&from=searchresults,8.2,N/A,9
Strasbourg,Hôtel le Grillon,https://www.booking.com/hotel/fr/grillonstrasbourg.fr.html?aid=304142&label=gen173nr-10CAQoggJCEXNlYXJjaF9zdHJhc2JvdXJnSA1YBGhNiAEBmAEzuAEXyAEM2AED6AEB-AEBiAIBqAIBuALltejPBsACAdICJGY0MWIyN2VkLTMzNGEtNGQyOS1iZGQwLTJiYTJkNzIwMWY0NdgCAeACAQ&ucfs=1&arphpl=1&group_adults=2&req_adults=2&no_rooms=1&group_children=0&req_children=0&hpos=14&hapos=14&sr_order=popularity&srpvid=006673f2d2d005c5&srepoch=1777998571&from=searchresults,8.4,N/A,9
Strasbourg,Residence Inn by Marriott Strasbourg,https://www.booking.com/hotel/fr/residence-inn-by-marriott-strasbourg.fr.html?aid=304142&label=gen173nr-10CAQoggJCEXNlYXJjaF9zdHJhc2JvdXJnSA1YBGhNiAEBmAEzuAEXyAEM2AED6AEB-AEBiAIBqAIBuALltejPBsACAdICJGY0MWIyN2VkLTMzNGEtNGQyOS1iZGQwLTJiYTJkNzIwMWY0NdgCAeACAQ&ucfs=1&arphpl=1&group_adults=2&req_adults=2&no_rooms=1&group_children=0&req_children=0&hpos=15&hapos=15&sr_order=popularity&srpvid=006673f2d2d005c5&srepoch=1777998571&from=searchresults,8.8,N/A,9
Chateau de Chambord,Chambre d'hôte Montlivault / Chambord,https://www.booking.com/hotel/fr/chambre-d-hote-chambord.fr.html?aid=304142&label=gen173nr-10CAQoggJCGnNlYXJjaF9jaGF0ZWF1IGRlIGNoYW1ib3JkSA1YBGhNiAEBmAEzuAEXyAEM2AED6AEB-AEBiAIBqAIBuAL-tejPBsACAdICJGFlMWU4MzYzLWUyNDUtNGJlMy1hOGU0LWJjOWI1YjlkNzJlOdgCAeACAQ&ucfs=1&arphpl=1&group_adults=2&req_adults=2&no_rooms=1&group_children=0&req_children=0&hpos=13&hapos=13&sr_order=popularity&srpvid=853573ff31640b73&srepoch=1777998597&from=searchresults,9.7,N/A,10
Chateau de Chambord,Charmant F2 en centre bourg,https://www.booking.com/hotel/fr/charmant-f2-en-centre-bourg.fr.html?aid=304142&label=gen173nr-10CAQoggJCGnNlYXJjaF9jaGF0ZWF1IGRlIGNoYW1ib3JkSA1YBGhNiAEBmAEzuAEXyAEM2AED6AEB-AEBiAIBqAIBuAL-tejPBsACAdICJGFlMWU4MzYzLWUyNDUtNGJlMy1hOGU0LWJjOWI1YjlkNzJlOdgCAeACAQ&ucfs=1&arphpl=1&group_adults=2&req_adults=2&no_rooms=1&group_children=0&req_children=0&hpos=14&hapos=14&sr_order=popularity&srpvid=853573ff31640b73&srepoch=1777998597&from=searchresults,9.1,N/A,10
Chateau de Chambord,B&B HOTEL Blois Sud Vineuil,https://www.booking.com/hotel/fr/b-amp-b-blois.fr.html?aid=304142&label=gen173nr-10CAQoggJCGnNlYXJjaF9jaGF0ZWF1IGRlIGNoYW1ib3JkSA1YBGhNiAEBmAEzuAEXyAEM2AED6AEB-AEBiAIBqAIBuAL-tejPBsACAdICJGFlMWU4MzYzLWUyNDUtNGJlMy1hOGU0LWJjOWI1YjlkNzJlOdgCAeACAQ&ucfs=1&arphpl=1&group_adults=2&req_adults=2&no_rooms=1&group_children=0&req_children=0&hpos=15&hapos=15&sr_order=popularity&srpvid=853573ff31640b73&srepoch=1777998597&from_sustainable_property_sr=1&from=searchresults,7.5,N/A,10
Orleans,Lumineux et fonctionnel 6 personnes,https://www.booking.com/hotel/fr/lumineux-et-fonctionnel-6-personnes.fr.html?aid=304142&label=gen173nr-10CAQoggJCDnNlYXJjaF9vcmxlYW5zSA1YBGhNiAEBmAEzuAEXyAEM2AED6AEB-AEBiAIBqAIBuAKYtujPBsACAdICJDllY2E3OWNjLTRjZTYtNDZmNy05OWFjLWI3NDViMmZlNTA4MNgCAeACAQ&ucfs=1&arphpl=1&group_adults=2&req_adults=2&no_rooms=1&group_children=0&req_children=0&hpos=13&hapos=13&sr_order=popularity&srpvid=a3b1740c952a10a9&srepoch=1777998622&from=searchresults,8.5,N/A,11
Orleans,Agréable maison de ville dans la plus belle Avenue,https://www.booking.com/hotel/fr/agreable-maison-de-ville-dans-la-plus-belle-avenue.fr.html?aid=304142&label=gen173nr-10CAQoggJCDnNlYXJjaF9vcmxlYW5zSA1YBGhNiAEBmAEzuAEXyAEM2AED6AEB-AEBiAIBqAIBuAKYtujPBsACAdICJDllY2E3OWNjLTRjZTYtNDZmNy05OWFjLWI3NDViMmZlNTA4MNgCAeACAQ&ucfs=1&arphpl=1&group_adults=2&req_adults=2&no_rooms=1&group_children=0&req_children=0&hpos=14&hapos=14&sr_order=popularity&srpvid=a3b1740c952a10a9&srepoch=1777998622&from=searchresults,7.6,N/A,11
Orleans,Au Bourg Neuf,https://www.booking.com/hotel/fr/au-bourg-neuf.fr.html?aid=304142&label=gen173nr-10CAQoggJCDnNlYXJjaF9vcmxlYW5zSA1YBGhNiAEBmAEzuAEXyAEM2AED6AEB-AEBiAIBqAIBuAKYtujPBsACAdICJDllY2E3OWNjLTRjZTYtNDZmNy05OWFjLWI3NDViMmZlNTA4MNgCAeACAQ&ucfs=1&arphpl=1&group_adults=2&req_adults=2&no_rooms=1&group_children=0&req_children=0&hpos=15&hapos=15&sr_order=popularity&srpvid=a3b1740c952a10a9&srepoch=1777998622&from=searchresults,8.5,N/A,11
Avallon,Gite de Chassigny,https://www.booking.com/hotel/fr/gite-de-chassigny.fr.html?aid=304142&label=gen173nr-10CAQoggJCDnNlYXJjaF9hdmFsbG9uSA1YBGhNiAEBmAEzuAEXyAEM2AED6AEB-AEBiAIBqAIBuAKxtujPBsACAdICJDQwM2Y4NmFkLWQwYWMtNGJiNC1hNDlmLTBmMGQ2ZWVmM2IwMtgCAeACAQ&ucfs=1&arphpl=1&group_adults=2&req_adults=2&no_rooms=1&group_children=0&req_children=0&hpos=13&hapos=13&sr_order=popularity&srpvid=5dde7418ba360075&srepoch=1777998647&from=searchresults,8.1,N/A,12
Avallon,La tour de Jade,https://www.booking.com/hotel/fr/la-tour-de-jade-avallon.fr.html?aid=304142&label=gen173nr-10CAQoggJCDnNlYXJjaF9hdmFsbG9uSA1YBGhNiAEBmAEzuAEXyAEM2AED6AEB-AEBiAIBqAIBuAKxtujPBsACAdICJDQwM2Y4NmFkLWQwYWMtNGJiNC1hNDlmLTBmMGQ2ZWVmM2IwMtgCAeACAQ&ucfs=1&arphpl=1&group_adults=2&req_adults=2&no_rooms=1&group_children=0&req_children=0&hpos=14&hapos=14&sr_order=popularity&srpvid=5dde7418ba360075&srepoch=1777998647&from=searchresults,9.3,N/A,12
Avallon,La Villa Pacha,https://www.booking.com/hotel/fr/la-villa-pacha.fr.html?aid=304142&label=gen173nr-10CAQoggJCDnNlYXJjaF9hdmFsbG9uSA1YBGhNiAEBmAEzuAEXyAEM2AED6AEB-AEBiAIBqAIBuAKxtujPBsACAdICJDQwM2Y4NmFkLWQwYWMtNGJiNC1hNDlmLTBmMGQ2ZWVmM2IwMtgCAeACAQ&ucfs=1&arphpl=1&group_adults=2&req_adults=2&no_rooms=1&group_children=0&req_children=0&hpos=15&hapos=15&sr_order=popularity&srpvid=5dde7418ba360075&srepoch=1777998647&from=searchresults,9.0,N/A,12
Dijon,City Loft Apparthotel,https://www.booking.com/hotel/fr/city-loft.fr.html?aid=304142&label=gen173nr-10CAQoggJCDHNlYXJjaF9kaWpvbkgNWARoTYgBAZgBM7gBF8gBDNgBA-gBAfgBAYgCAagCAbgCyrbozwbAAgHSAiQ2ZWE5Y2NkNC02NjM5LTQwYTgtYjkyYy1hMDA0NGZiZTNkOWXYAgHgAgE&ucfs=1&arphpl=1&group_adults=2&req_adults=2&no_rooms=1&group_children=0&req_children=0&hpos=13&hapos=13&sr_order=popularity&srpvid=a94a7425d873016e&srepoch=1777998672&from=searchresults,8.3,N/A,13
Dijon,B&B HOTEL Dijon Nord Zénith,https://www.booking.com/hotel/fr/b-amp-b-dijon-zenith.fr.html?aid=304142&label=gen173nr-10CAQoggJCDHNlYXJjaF9kaWpvbkgNWARoTYgBAZgBM7gBF8gBDNgBA-gBAfgBAYgCAagCAbgCyrbozwbAAgHSAiQ2ZWE5Y2NkNC02NjM5LTQwYTgtYjkyYy1hMDA0NGZiZTNkOWXYAgHgAgE&ucfs=1&arphpl=1&group_adults=2&req_adults=2&no_rooms=1&group_children=0&req_children=0&hpos=14&hapos=14&sr_order=popularity&srpvid=a94a7425d873016e&srepoch=1777998672&from_sustainable_property_sr=1&from=searchresults,7.3,N/A,13
Dijon,Hotel Le Jacquemart,https://www.booking.com/hotel/fr/le-jacquemart.fr.html?aid=304142&label=gen173nr-10CAQoggJCDHNlYXJjaF9kaWpvbkgNWARoTYgBAZgBM7gBF8gBDNgBA-gBAfgBAYgCAagCAbgCyrbozwbAAgHSAiQ2ZWE5Y2NkNC02NjM5LTQwYTgtYjkyYy1hMDA0NGZiZTNkOWXYAgHgAgE&ucfs=1&arphpl=1&group_adults=2&req_adults=2&no_rooms=1&group_children=0&req_children=0&hpos=15&hapos=15&sr_order=popularity&srpvid=a94a7425d873016e&srepoch=1777998672&from=searchresults,8.6,N/A,13
Besancon,Accueil Hotel Besançon,https://www.booking.com/hotel/fr/accueil-besancon.fr.html?aid=304142&label=gen173nr-10CAQoggJCD3NlYXJjaF9iZXNhbmNvbkgNWARoTYgBAZgBM7gBF8gBDNgBA-gBAfgBAYgCAagCAbgC47bozwbAAgHSAiRlYjg4N2UxYi1iZTViLTQzYTMtYmRiYy02MDNjOTYyZTExYzLYAgHgAgE&ucfs=1&arphpl=1&group_adults=2&req_adults=2&no_rooms=1&group_children=0&req_children=0&hpos=13&hapos=13&sr_order=popularity&srpvid=ccdd74316f6a0184&srepoch=1777998698&from=searchresults,5.5,N/A,14
Besancon,Les Fabuleux appartements du Coeur de ville - Place Victor Hugo,https://www.booking.com/hotel/fr/face-a-victor-besancon.fr.html?aid=304142&label=gen173nr-10CAQoggJCD3NlYXJjaF9iZXNhbmNvbkgNWARoTYgBAZgBM7gBF8gBDNgBA-gBAfgBAYgCAagCAbgC47bozwbAAgHSAiRlYjg4N2UxYi1iZTViLTQzYTMtYmRiYy02MDNjOTYyZTExYzLYAgHgAgE&ucfs=1&arphpl=1&group_adults=2&req_adults=2&no_rooms=1&group_children=0&req_children=0&hpos=14&hapos=14&sr_order=popularity&srpvid=ccdd74316f6a0184&srepoch=1777998698&from=searchresults,8.0,N/A,14
Besancon,ibis Besançon Centre Ville,https://www.booking.com/hotel/fr/ibis-besancon-centre-ville.fr.html?aid=304142&label=gen173nr-10CAQoggJCD3NlYXJjaF9iZXNhbmNvbkgNWARoTYgBAZgBM7gBF8gBDNgBA-gBAfgBAYgCAagCAbgC47bozwbAAgHSAiRlYjg4N2UxYi1iZTViLTQzYTMtYmRiYy02MDNjOTYyZTExYzLYAgHgAgE&ucfs=1&arphpl=1&group_adults=2&req_adults=2&no_rooms=1&group_children=0&req_children=0&hpos=15&hapos=15&sr_order=popularity&srpvid=ccdd74316f6a0184&srepoch=1777998698&from=searchresults,8.3,N/A,14
Besancon,Lovely House,https://www.booking.com/hotel/fr/charming-renovated-house-besancon.fr.html?aid=304142&label=gen173nr-10CAQoggJCD3NlYXJjaF9iZXNhbmNvbkgNWARoTYgBAZgBM7gBF8gBDNgBA-gBAfgBAYgCAagCAbgC47bozwbAAgHSAiRlYjg4N2UxYi1iZTViLTQzYTMtYmRiYy02MDNjOTYyZTExYzLYAgHgAgE&ucfs=1&arphpl=1&group_adults=2&req_adults=2&no_rooms=1&group_children=0&req_children=0&hpos=16&hapos=16&sr_order=popularity&srpvid=ccdd74316f6a0184&srepoch=1777998698&from=searchresults,0.0,N/A,14
Annecy,Auberge de Jeunesse HI Annecy,https://www.booking.com/hotel/fr/auberge-de-jeunesse-hi-annecy.fr.html?aid=304142&label=gen173nr-10CAQoggJCDXNlYXJjaF9hbm5lY3lIDVgEaE2IAQGYATO4ARfIAQzYAQPoAQH4AQGIAgGoAgG4Avy26M8GwAIB0gIkOThhMjhkZTYtNmNiMi00MDhiLTlhMGQtMmNjNmI3Y2Y4OWRm2AIB4AIB&ucfs=1&arphpl=1&group_adults=2&req_adults=2&no_rooms=1&group_children=0&req_children=0&hpos=13&hapos=13&sr_order=popularity&srpvid=4e6f743eb9ce03d7&srepoch=1777998723&from=searchresults,7.1,N/A,15
Annecy,Hôtel La Cour du 6,https://www.booking.com/hotel/fr/la-cour-du-6.fr.html?aid=304142&label=gen173nr-10CAQoggJCDXNlYXJjaF9hbm5lY3lIDVgEaE2IAQGYATO4ARfIAQzYAQPoAQH4AQGIAgGoAgG4Avy26M8GwAIB0gIkOThhMjhkZTYtNmNiMi00MDhiLTlhMGQtMmNjNmI3Y2Y4OWRm2AIB4AIB&ucfs=1&arphpl=1&group_adults=2&req_adults=2&no_rooms=1&group_children=0&req_children=0&hpos=14&hapos=14&sr_order=popularity&srpvid=4e6f743eb9ce03d7&srepoch=1777998723&from=searchresults,9.0,N/A,15
Annecy,Annecy Centre Historique - 165 m - 3 chambres & 3 salles de bains,https://www.booking.com/hotel/fr/appartement-d-39-exception-annecy-centre-historique.fr.html?aid=304142&label=gen173nr-10CAQoggJCDXNlYXJjaF9hbm5lY3lIDVgEaE2IAQGYATO4ARfIAQzYAQPoAQH4AQGIAgGoAgG4Avy26M8GwAIB0gIkOThhMjhkZTYtNmNiMi00MDhiLTlhMGQtMmNjNmI3Y2Y4OWRm2AIB4AIB&ucfs=1&arphpl=1&group_adults=2&req_adults=2&no_rooms=1&group_children=0&req_children=0&hpos=15&hapos=15&sr_order=popularity&srpvid=4e6f743eb9ce03d7&srepoch=1777998723&from=searchresults,9.4,N/A,15
Grenoble,Hôtel d’Angleterre Grenoble Hyper-Centre,https://www.booking.com/hotel/fr/tiangleterre.fr.html?aid=304142&label=gen173nr-10CAQoggJCD3NlYXJjaF9ncmVub2JsZUgNWARoTYgBAZgBM7gBF8gBDNgBA-gBAfgBAYgCAagCAbgClrfozwbAAgHSAiQwYTJkMDc2Zi1mMzc5LTRlMDAtODg1OC04YjE0NzJkOGI1YjLYAgHgAgE&ucfs=1&arphpl=1&group_adults=2&req_adults=2&no_rooms=1&group_children=0&req_children=0&hpos=13&hapos=13&sr_order=popularity&srpvid=92a6744bfc7d0d8d&srepoch=1777998748&from_sustainable_property_sr=1&from=searchresults,8.0,N/A,16
Grenoble,Residhotel Grenette,https://www.booking.com/hotel/fr/le-royal-grenoble.fr.html?aid=304142&label=gen173nr-10CAQoggJCD3NlYXJjaF9ncmVub2JsZUgNWARoTYgBAZgBM7gBF8gBDNgBA-gBAfgBAYgCAagCAbgClrfozwbAAgHSAiQwYTJkMDc2Zi1mMzc5LTRlMDAtODg1OC04YjE0NzJkOGI1YjLYAgHgAgE&ucfs=1&arphpl=1&group_adults=2&req_adults=2&no_rooms=1&group_children=0&req_children=0&hpos=14&hapos=14&sr_order=popularity&srpvid=92a6744bfc7d0d8d&srepoch=1777998748&from=searchresults,7.8,N/A,16
Grenoble,Séjours & Affaires Grenoble Marie Curie,https://www.booking.com/hotel/fr/grenoble-marie-curie.fr.html?aid=304142&label=gen173nr-10CAQoggJCD3NlYXJjaF9ncmVub2JsZUgNWARoTYgBAZgBM7gBF8gBDNgBA-gBAfgBAYgCAagCAbgClrfozwbAAgHSAiQwYTJkMDc2Zi1mMzc5LTRlMDAtODg1OC04YjE0NzJkOGI1YjLYAgHgAgE&ucfs=1&arphpl=1&group_adults=2&req_adults=2&no_rooms=1&group_children=0&req_children=0&hpos=15&hapos=15&sr_order=popularity&srpvid=92a6744bfc7d0d8d&srepoch=1777998748&from=searchresults,7.8,N/A,16
Lyon,Pullman Lyon,https://www.booking.com/hotel/fr/pullman-lyon.fr.html?aid=304142&label=gen173nr-10CAQoggJCC3NlYXJjaF9seW9uSA1YBGhNiAEBmAEzuAEXyAEM2AED6AEB-AEBiAIBqAIBuAKvt-jPBsACAdICJDdhMmRhNjNhLTU2YTUtNDZkOC04NzY0LTAxMWE5MjU1ZDM0N9gCAeACAQ&ucfs=1&arphpl=1&group_adults=2&req_adults=2&no_rooms=1&group_children=0&req_children=0&hpos=13&hapos=13&sr_order=popularity&srpvid=a3d474579ec80244&srepoch=1777998773&from_sustainable_property_sr=1&from=searchresults,9.2,N/A,17
Lyon,Campanile Lyon Centre - Berges du Rhône,https://www.booking.com/hotel/fr/bleumarinelyoncentre.fr.html?aid=304142&label=gen173nr-10CAQoggJCC3NlYXJjaF9seW9uSA1YBGhNiAEBmAEzuAEXyAEM2AED6AEB-AEBiAIBqAIBuAKvt-jPBsACAdICJDdhMmRhNjNhLTU2YTUtNDZkOC04NzY0LTAxMWE5MjU1ZDM0N9gCAeACAQ&ucfs=1&arphpl=1&group_adults=2&req_adults=2&no_rooms=1&group_children=0&req_children=0&hpos=14&hapos=14&sr_order=popularity&srpvid=a3d474579ec80244&srepoch=1777998773&from_sustainable_property_sr=1&from=searchresults,7.7,N/A,17
Lyon,Novotel Lyon Centre-Confluence Bord de Saone,https://www.booking.com/hotel/fr/novotel-lyon-confluence.fr.html?aid=304142&label=gen173nr-10CAQoggJCC3NlYXJjaF9seW9uSA1YBGhNiAEBmAEzuAEXyAEM2AED6AEB-AEBiAIBqAIBuAKvt-jPBsACAdICJDdhMmRhNjNhLTU2YTUtNDZkOC04NzY0LTAxMWE5MjU1ZDM0N9gCAeACAQ&ucfs=1&arphpl=1&group_adults=2&req_adults=2&no_rooms=1&group_children=0&req_children=0&hpos=15&hapos=15&sr_order=popularity&srpvid=a3d474579ec80244&srepoch=1777998773&from_sustainable_property_sr=1&from=searchresults,8.4,N/A,17
Gorges du Verdon,Camping La Ferme de Castellane,https://www.booking.com/hotel/fr/camping-la-ferme-de-castellane.fr.html?aid=304142&label=gen173nr-10CAQoggJCF3NlYXJjaF9nb3JnZXMgZHUgdmVyZG9uSA1YBGhNiAEBmAEzuAEXyAEM2AED6AEB-AEBiAIBqAIBuALIt-jPBsACAdICJGFjZDQxNDZlLTVhZjAtNDQ4OC04ODhhLWJiMmZjNDdkZGIxZdgCAeACAQ&ucfs=1&arphpl=1&group_adults=2&req_adults=2&no_rooms=1&group_children=0&req_children=0&hpos=13&hapos=13&sr_order=popularity&srpvid=56a074641db60304&srepoch=1777998799&from=searchresults,9.2,N/A,18
Gorges du Verdon,Domaine de La Blache,https://www.booking.com/hotel/fr/domaine-de-la-blache-saint-jurs.fr.html?aid=304142&label=gen173nr-10CAQoggJCF3NlYXJjaF9nb3JnZXMgZHUgdmVyZG9uSA1YBGhNiAEBmAEzuAEXyAEM2AED6AEB-AEBiAIBqAIBuALIt-jPBsACAdICJGFjZDQxNDZlLTVhZjAtNDQ4OC04ODhhLWJiMmZjNDdkZGIxZdgCAeACAQ&ucfs=1&arphpl=1&group_adults=2&req_adults=2&no_rooms=1&group_children=0&req_children=0&hpos=14&hapos=14&sr_order=popularity&srpvid=56a074641db60304&srepoch=1777998799&from=searchresults,9.0,N/A,18
Gorges du Verdon,Villa Fautea Verdon,https://www.booking.com/hotel/fr/villa-fautea-verdon.fr.html?aid=304142&label=gen173nr-10CAQoggJCF3NlYXJjaF9nb3JnZXMgZHUgdmVyZG9uSA1YBGhNiAEBmAEzuAEXyAEM2AED6AEB-AEBiAIBqAIBuALIt-jPBsACAdICJGFjZDQxNDZlLTVhZjAtNDQ4OC04ODhhLWJiMmZjNDdkZGIxZdgCAeACAQ&ucfs=1&arphpl=1&group_adults=2&req_adults=2&no_rooms=1&group_children=0&req_children=0&hpos=15&hapos=15&sr_order=popularity&srpvid=56a074641db60304&srepoch=1777998799&from=searchresults,9.4,N/A,18
Bormes les Mimosas,Le petit atelier,https://www.booking.com/hotel/fr/le-petit-atelier-bormes-les-mimosas1234567891011121314151617.fr.html?aid=304142&label=gen173nr-10CAQoggJCGXNlYXJjaF9ib3JtZXMgbGVzIG1pbW9zYXNIDVgEaE2IAQGYATO4ARfIAQzYAQPoAQH4AQGIAgGoAgG4AuG36M8GwAIB0gIkYzQzNTBhOTctY2U0OS00OGMyLWFmYWQtZDVmN2ZlNjRlMTcy2AIB4AIB&ucfs=1&arphpl=1&group_adults=2&req_adults=2&no_rooms=1&group_children=0&req_children=0&hpos=13&hapos=13&sr_order=popularity&srpvid=1a817470b42e0264&srepoch=1777998824&from=searchresults,9.4,N/A,19
Bormes les Mimosas,Studio climatisé avec une place de parking et classé 2 étoiles à la Faviére,https://www.booking.com/hotel/fr/studio-cosy-climatise-place-de-parking-a-la-faviere.fr.html?aid=304142&label=gen173nr-10CAQoggJCGXNlYXJjaF9ib3JtZXMgbGVzIG1pbW9zYXNIDVgEaE2IAQGYATO4ARfIAQzYAQPoAQH4AQGIAgGoAgG4AuG36M8GwAIB0gIkYzQzNTBhOTctY2U0OS00OGMyLWFmYWQtZDVmN2ZlNjRlMTcy2AIB4AIB&ucfs=1&arphpl=1&group_adults=2&req_adults=2&no_rooms=1&group_children=0&req_children=0&hpos=14&hapos=14&sr_order=popularity&srpvid=1a817470b42e0264&srepoch=1777998824&from=searchresults,9.3,N/A,19
Bormes les Mimosas,"L'Odyssée provençale, un duplex de charme de 2 chambres au pied du village médiéval de Bormes-les-Mimosas, offrant des prestations haut de gamme et une superbe vue sur le Massif des Maures",https://www.booking.com/hotel/fr/duplex-de-charme-t3-dernier-etage-vue-collines.fr.html?aid=304142&label=gen173nr-10CAQoggJCGXNlYXJjaF9ib3JtZXMgbGVzIG1pbW9zYXNIDVgEaE2IAQGYATO4ARfIAQzYAQPoAQH4AQGIAgGoAgG4AuG36M8GwAIB0gIkYzQzNTBhOTctY2U0OS00OGMyLWFmYWQtZDVmN2ZlNjRlMTcy2AIB4AIB&ucfs=1&arphpl=1&group_adults=2&req_adults=2&no_rooms=1&group_children=0&req_children=0&hpos=15&hapos=15&sr_order=popularity&srpvid=1a817470b42e0264&srepoch=1777998824&from=searchresults,9.8,N/A,19
Cassis,Entre terre et mer à cassis,https://www.booking.com/hotel/fr/entre-terre-et-mer-a-cassis.fr.html?aid=304142&label=gen173nr-10CAQoggJCDXNlYXJjaF9jYXNzaXNIDVgEaE2IAQGYATO4ARfIAQzYAQPoAQH4AQGIAgGoAgG4Avu36M8GwAIB0gIkNTk5NWE3ODItMTRhZS00Y2FlLTg4OGYtMTY5ZTRjMzc1OGY32AIB4AIB&ucfs=1&arphpl=1&group_adults=2&req_adults=2&no_rooms=1&group_children=0&req_children=0&hpos=13&hapos=13&sr_order=popularity&srpvid=35fe747dec50048a&srepoch=1777998849&from=searchresults,9.4,N/A,20
Cassis,L'appart Cassis,https://www.booking.com/hotel/fr/appart-cassis.fr.html?aid=304142&label=gen173nr-10CAQoggJCDXNlYXJjaF9jYXNzaXNIDVgEaE2IAQGYATO4ARfIAQzYAQPoAQH4AQGIAgGoAgG4Avu36M8GwAIB0gIkNTk5NWE3ODItMTRhZS00Y2FlLTg4OGYtMTY5ZTRjMzc1OGY32AIB4AIB&ucfs=1&arphpl=1&group_adults=2&req_adults=2&no_rooms=1&group_children=0&req_children=0&hpos=14&hapos=14&sr_order=popularity&srpvid=35fe747dec50048a&srepoch=1777998849&from=searchresults,9.1,N/A,20
Cassis,LE SEPT charmant studio aux portes des calanques,https://www.booking.com/hotel/fr/le-sept-charmant-studio-aux-portes-des-calanques.fr.html?aid=304142&label=gen173nr-10CAQoggJCDXNlYXJjaF9jYXNzaXNIDVgEaE2IAQGYATO4ARfIAQzYAQPoAQH4AQGIAgGoAgG4Avu36M8GwAIB0gIkNTk5NWE3ODItMTRhZS00Y2FlLTg4OGYtMTY5ZTRjMzc1OGY32AIB4AIB&ucfs=1&arphpl=1&group_adults=2&req_adults=2&no_rooms=1&group_children=0&req_children=0&hpos=15&hapos=15&sr_order=popularity&srpvid=35fe747dec50048a&srepoch=1777998849&from=searchresults,9.9,N/A,20
Marseille,Hotel Belle-Vue Vieux-Port,https://www.booking.com/hotel/fr/belle-vue.fr.html?aid=304142&label=gen173nr-10CAQoggJCEHNlYXJjaF9tYXJzZWlsbGVIDVgEaE2IAQGYATO4ARfIAQzYAQPoAQH4AQGIAgGoAgG4ApS46M8GwAIB0gIkZjU5MWEwYTQtMTIzMi00Mjg2LTgwMWYtY2NjMDYxMzJlNzMw2AIB4AIB&ucfs=1&arphpl=1&group_adults=2&req_adults=2&no_rooms=1&group_children=0&req_children=0&hpos=13&hapos=13&sr_order=popularity&srpvid=8877748a8ca102f5&srepoch=1777998874&from_sustainable_property_sr=1&from=searchresults,8.5,N/A,21
Marseille,Appartement lumineux du Panier proche Cathedrale et MuCem,https://www.booking.com/hotel/fr/appartement-lumineux-du-panier-proche-cathedrale-et-mucem.fr.html?aid=304142&label=gen173nr-10CAQoggJCEHNlYXJjaF9tYXJzZWlsbGVIDVgEaE2IAQGYATO4ARfIAQzYAQPoAQH4AQGIAgGoAgG4ApS46M8GwAIB0gIkZjU5MWEwYTQtMTIzMi00Mjg2LTgwMWYtY2NjMDYxMzJlNzMw2AIB4AIB&ucfs=1&arphpl=1&group_adults=2&req_adults=2&no_rooms=1&group_children=0&req_children=0&hpos=14&hapos=14&sr_order=popularity&srpvid=8877748a8ca102f5&srepoch=1777998874&from=searchresults,7.2,N/A,21
Marseille,Hotel Gambetta,https://www.booking.com/hotel/fr/gambetta-marseille1.fr.html?aid=304142&label=gen173nr-10CAQoggJCEHNlYXJjaF9tYXJzZWlsbGVIDVgEaE2IAQGYATO4ARfIAQzYAQPoAQH4AQGIAgGoAgG4ApS46M8GwAIB0gIkZjU5MWEwYTQtMTIzMi00Mjg2LTgwMWYtY2NjMDYxMzJlNzMw2AIB4AIB&ucfs=1&arphpl=1&group_adults=2&req_adults=2&no_rooms=1&group_children=0&req_children=0&hpos=15&hapos=15&sr_order=popularity&srpvid=8877748a8ca102f5&srepoch=1777998874&from=searchresults,3.8,N/A,21
Aix en Provence,Hôtel Le Mozart,https://www.booking.com/hotel/fr/le-mozart.fr.html?aid=304142&label=gen173nr-10CAQoggJCFnNlYXJjaF9haXggZW4gcHJvdmVuY2VIDVgEaE2IAQGYATO4ARfIAQzYAQPoAQH4AQGIAgGoAgG4Aq246M8GwAIB0gIkYmQwNGUxNWMtYzFjMy00MTYyLTllNTAtMzI3Y2FlOGE0NjM32AIB4AIB&ucfs=1&arphpl=1&group_adults=2&req_adults=2&no_rooms=1&group_children=0&req_children=0&hpos=13&hapos=13&sr_order=popularity&srpvid=ebbd7496c66c00f7&srepoch=1777998899&from=searchresults,8.4,N/A,22
Aix en Provence,Villa avec piscine et jacuzzi,https://www.booking.com/hotel/fr/villa-avec-piscine-et-jacuzzi-en-campagne-aixoise.fr.html?aid=304142&label=gen173nr-10CAQoggJCFnNlYXJjaF9haXggZW4gcHJvdmVuY2VIDVgEaE2IAQGYATO4ARfIAQzYAQPoAQH4AQGIAgGoAgG4Aq246M8GwAIB0gIkYmQwNGUxNWMtYzFjMy00MTYyLTllNTAtMzI3Y2FlOGE0NjM32AIB4AIB&ucfs=1&arphpl=1&group_adults=2&req_adults=2&no_rooms=1&group_children=0&req_children=0&hpos=14&hapos=14&sr_order=popularity&srpvid=ebbd7496c66c00f7&srepoch=1777998899&from=searchresults,8.5,N/A,22
Aix en Provence,Domaine Gao,https://www.booking.com/hotel/fr/domaine-and-cie.fr.html?aid=304142&label=gen173nr-10CAQoggJCFnNlYXJjaF9haXggZW4gcHJvdmVuY2VIDVgEaE2IAQGYATO4ARfIAQzYAQPoAQH4AQGIAgGoAgG4Aq246M8GwAIB0gIkYmQwNGUxNWMtYzFjMy00MTYyLTllNTAtMzI3Y2FlOGE0NjM32AIB4AIB&ucfs=1&arphpl=1&group_adults=2&req_adults=2&no_rooms=1&group_children=0&req_children=0&hpos=15&hapos=15&sr_order=popularity&srpvid=ebbd7496c66c00f7&srepoch=1777998899&from_sustainable_property_sr=1&from=searchresults,8.7,N/A,22
Avignon,ibis Styles Avignon Sud,https://www.booking.com/hotel/fr/avignon.fr.html?aid=304142&label=gen173nr-10CAQoggJCDnNlYXJjaF9hdmlnbm9uSA1YBGhNiAEBmAEzuAEXyAEM2AED6AEB-AEBiAIBqAIBuALGuOjPBsACAdICJDdiOTUzZjczLTllOTUtNGY5NC05Y2I1LTA5NTk5ZTliNGExY9gCAeACAQ&ucfs=1&arphpl=1&group_adults=2&req_adults=2&no_rooms=1&group_children=0&req_children=0&hpos=13&hapos=13&sr_order=popularity&srpvid=94d274a32b6705f2&srepoch=1777998925&from_sustainable_property_sr=1&from=searchresults,8.4,N/A,23
Avignon,Hotel Le Magnan,https://www.booking.com/hotel/fr/hotellemagnan.fr.html?aid=304142&label=gen173nr-10CAQoggJCDnNlYXJjaF9hdmlnbm9uSA1YBGhNiAEBmAEzuAEXyAEM2AED6AEB-AEBiAIBqAIBuALGuOjPBsACAdICJDdiOTUzZjczLTllOTUtNGY5NC05Y2I1LTA5NTk5ZTliNGExY9gCAeACAQ&ucfs=1&arphpl=1&group_adults=2&req_adults=2&no_rooms=1&group_children=0&req_children=0&hpos=14&hapos=14&sr_order=popularity&srpvid=94d274a32b6705f2&srepoch=1777998925&from=searchresults,8.4,N/A,23
Avignon,ibis Avignon Centre Gare,https://www.booking.com/hotel/fr/ibis-avignon-centre-gare.fr.html?aid=304142&label=gen173nr-10CAQoggJCDnNlYXJjaF9hdmlnbm9uSA1YBGhNiAEBmAEzuAEXyAEM2AED6AEB-AEBiAIBqAIBuALGuOjPBsACAdICJDdiOTUzZjczLTllOTUtNGY5NC05Y2I1LTA5NTk5ZTliNGExY9gCAeACAQ&ucfs=1&arphpl=1&group_adults=2&req_adults=2&no_rooms=1&group_children=0&req_children=0&hpos=15&hapos=15&sr_order=popularity&srpvid=94d274a32b6705f2&srepoch=1777998925&from=searchresults,7.6,N/A,23
Uzès,La DAME de FLAUX,https://www.booking.com/hotel/fr/la-dame-de-flaux.fr.html?aid=304142&label=gen173nr-10CAQoggJCDHNlYXJjaF91esOoc0gNWARoTYgBAZgBM7gBF8gBDNgBA-gBAfgBAYgCAagCAbgC4LjozwbAAgHSAiQyNjA3Y2I5ZC1mNzU1LTQ5MDEtYThlZC00YjBkODcyZGRkMGXYAgHgAgE&ucfs=1&arphpl=1&group_adults=2&req_adults=2&no_rooms=1&group_children=0&req_children=0&hpos=13&hapos=13&sr_order=popularity&srpvid=c11374b06f4601f0&srepoch=1777998950&from=searchresults,9.8,N/A,24
Uzès,Secret d'Uzès - Place aux Herbes - Piscine chauffée et Jacuzzi,https://www.booking.com/hotel/fr/secret-d-uzes-place-aux-herbes-uzes.fr.html?aid=304142&label=gen173nr-10CAQoggJCDHNlYXJjaF91esOoc0gNWARoTYgBAZgBM7gBF8gBDNgBA-gBAfgBAYgCAagCAbgC4LjozwbAAgHSAiQyNjA3Y2I5ZC1mNzU1LTQ5MDEtYThlZC00YjBkODcyZGRkMGXYAgHgAgE&ucfs=1&arphpl=1&group_adults=2&req_adults=2&no_rooms=1&group_children=0&req_children=0&hpos=14&hapos=14&sr_order=popularity&srpvid=c11374b06f4601f0&srepoch=1777998950&from=searchresults,0.0,N/A,24
Uzès,Domaine de Privadière & Spa,https://www.booking.com/hotel/fr/domaine-de-privadiere.fr.html?aid=304142&label=gen173nr-10CAQoggJCDHNlYXJjaF91esOoc0gNWARoTYgBAZgBM7gBF8gBDNgBA-gBAfgBAYgCAagCAbgC4LjozwbAAgHSAiQyNjA3Y2I5ZC1mNzU1LTQ5MDEtYThlZC00YjBkODcyZGRkMGXYAgHgAgE&ucfs=1&arphpl=1&group_adults=2&req_adults=2&no_rooms=1&group_children=0&req_children=0&hpos=15&hapos=15&sr_order=popularity&srpvid=c11374b06f4601f0&srepoch=1777998950&from=searchresults,8.9,N/A,24
Nimes,Le Grand Hôtel Dieu by SOWELL COLLECTION,https://www.booking.com/hotel/fr/le-grand-nimes.fr.html?aid=304142&label=gen173nr-10CAQoggJCDHNlYXJjaF9uaW1lc0gNWARoTYgBAZgBM7gBF8gBDNgBA-gBAfgBAYgCAagCAbgC-bjozwbAAgHSAiQ0YzQ0ODM4NC1mYmFkLTQ4OWItOTMwMy01NmNiMGZhZjlhY2LYAgHgAgE&ucfs=1&arphpl=1&group_adults=2&req_adults=2&no_rooms=1&group_children=0&req_children=0&hpos=13&hapos=13&sr_order=popularity&srpvid=ab3074bcbefa0367&srepoch=1777998975&from=searchresults,8.7,N/A,25
Nimes,Hôtel & Spa Vatel,https://www.booking.com/hotel/fr/vatel.fr.html?aid=304142&label=gen173nr-10CAQoggJCDHNlYXJjaF9uaW1lc0gNWARoTYgBAZgBM7gBF8gBDNgBA-gBAfgBAYgCAagCAbgC-bjozwbAAgHSAiQ0YzQ0ODM4NC1mYmFkLTQ4OWItOTMwMy01NmNiMGZhZjlhY2LYAgHgAgE&ucfs=1&arphpl=1&group_adults=2&req_adults=2&no_rooms=1&group_children=0&req_children=0&hpos=14&hapos=14&sr_order=popularity&srpvid=ab3074bcbefa0367&srepoch=1777998975&from=searchresults,8.4,N/A,25
Nimes,"B&B HOTEL Nîmes Ville Active, parking sécurisé gratuit",https://www.booking.com/hotel/fr/b-amp-b-nimes-villes-active.fr.html?aid=304142&label=gen173nr-10CAQoggJCDHNlYXJjaF9uaW1lc0gNWARoTYgBAZgBM7gBF8gBDNgBA-gBAfgBAYgCAagCAbgC-bjozwbAAgHSAiQ0YzQ0ODM4NC1mYmFkLTQ4OWItOTMwMy01NmNiMGZhZjlhY2LYAgHgAgE&ucfs=1&arphpl=1&group_adults=2&req_adults=2&no_rooms=1&group_children=0&req_children=0&hpos=15&hapos=15&sr_order=popularity&srpvid=ab3074bcbefa0367&srepoch=1777998975&from=searchresults,7.5,N/A,25
Aigues Mortes,La Villa Mazarin,https://www.booking.com/hotel/fr/la-villa-mazarin.fr.html?aid=304142&label=gen173nr-10CAQoggJCFHNlYXJjaF9haWd1ZXMgbW9ydGVzSA1YBGhNiAEBmAEzuAEXyAEM2AED6AEB-AEBiAIBqAIBuAKSuejPBsACAdICJDQ3YzRmYjg2LWFkYjAtNDA4Yi1hZjczLTE4NTU2MTExNTdhMtgCAeACAQ&ucfs=1&arphpl=1&group_adults=2&req_adults=2&no_rooms=1&group_children=0&req_children=0&hpos=13&hapos=13&sr_order=popularity&srpvid=f08174c95c360072&srepoch=1777999000&from=searchresults,9.2,N/A,26
Aigues Mortes,Hôtel Le Médiéval - Parking inclus & accueil vélo,https://www.booking.com/hotel/fr/le-medieval.fr.html?aid=304142&label=gen173nr-10CAQoggJCFHNlYXJjaF9haWd1ZXMgbW9ydGVzSA1YBGhNiAEBmAEzuAEXyAEM2AED6AEB-AEBiAIBqAIBuAKSuejPBsACAdICJDQ3YzRmYjg2LWFkYjAtNDA4Yi1hZjczLTE4NTU2MTExNTdhMtgCAeACAQ&ucfs=1&arphpl=1&group_adults=2&req_adults=2&no_rooms=1&group_children=0&req_children=0&hpos=14&hapos=14&sr_order=popularity&srpvid=f08174c95c360072&srepoch=1777999000&from=searchresults,8.9,N/A,26
Aigues Mortes,Hotel Les Templiers,https://www.booking.com/hotel/fr/les-templiers.fr.html?aid=304142&label=gen173nr-10CAQoggJCFHNlYXJjaF9haWd1ZXMgbW9ydGVzSA1YBGhNiAEBmAEzuAEXyAEM2AED6AEB-AEBiAIBqAIBuAKSuejPBsACAdICJDQ3YzRmYjg2LWFkYjAtNDA4Yi1hZjczLTE4NTU2MTExNTdhMtgCAeACAQ&ucfs=1&arphpl=1&group_adults=2&req_adults=2&no_rooms=1&group_children=0&req_children=0&hpos=15&hapos=15&sr_order=popularity&srpvid=f08174c95c360072&srepoch=1777999000&from=searchresults,8.9,N/A,26
Saintes Maries de la Mer,Le Castelet,https://www.booking.com/hotel/fr/le-castelet-les-saintes-maries-de-la-mer.fr.html?aid=304142&label=gen173nr-10CAQoggJCH3NlYXJjaF9zYWludGVzIG1hcmllcyBkZSBsYSBtZXJIDVgEaE2IAQGYATO4ARfIAQzYAQPoAQH4AQGIAgGoAgG4Aqu56M8GwAIB0gIkZmY4OTJhZTQtYzBmNy00YjljLTgzOTItY2Y1MzFiMzRiYzFi2AIB4AIB&ucfs=1&arphpl=1&group_adults=2&req_adults=2&no_rooms=1&group_children=0&req_children=0&hpos=13&hapos=13&sr_order=popularity&srpvid=ccdd74d55a2d044d&srepoch=1777999026&from=searchresults,6.6,N/A,27
Saintes Maries de la Mer,Camping Le Clos du Rhône,https://www.booking.com/hotel/fr/camping-le-clos-du-rhone.fr.html?aid=304142&label=gen173nr-10CAQoggJCH3NlYXJjaF9zYWludGVzIG1hcmllcyBkZSBsYSBtZXJIDVgEaE2IAQGYATO4ARfIAQzYAQPoAQH4AQGIAgGoAgG4Aqu56M8GwAIB0gIkZmY4OTJhZTQtYzBmNy00YjljLTgzOTItY2Y1MzFiMzRiYzFi2AIB4AIB&ucfs=1&arphpl=1&group_adults=2&req_adults=2&no_rooms=1&group_children=0&req_children=0&hpos=14&hapos=14&sr_order=popularity&srpvid=ccdd74d55a2d044d&srepoch=1777999026&from_sustainable_property_sr=1&from=searchresults,8.5,N/A,27
Saintes Maries de la Mer,Mas du Clos de la Barque,https://www.booking.com/hotel/fr/mas-du-clos-de-la-barque.fr.html?aid=304142&label=gen173nr-10CAQoggJCH3NlYXJjaF9zYWludGVzIG1hcmllcyBkZSBsYSBtZXJIDVgEaE2IAQGYATO4ARfIAQzYAQPoAQH4AQGIAgGoAgG4Aqu56M8GwAIB0gIkZmY4OTJhZTQtYzBmNy00YjljLTgzOTItY2Y1MzFiMzRiYzFi2AIB4AIB&ucfs=1&arphpl=1&group_adults=2&req_adults=2&no_rooms=1&group_children=0&req_children=0&hpos=15&hapos=15&sr_order=popularity&srpvid=ccdd74d55a2d044d&srepoch=1777999026&from=searchresults,8.3,N/A,27
Collioure,APP' ART CENTRE PLAGE + PARKING GRATUIT,https://www.booking.com/hotel/fr/app-art-centre-plage-parking-gratuit.fr.html?aid=304142&label=gen173nr-10CAQoggJCEHNlYXJjaF9jb2xsaW91cmVIDVgEaE2IAQGYATO4ARfIAQzYAQPoAQH4AQGIAgGoAgG4AsW56M8GwAIB0gIkNGJiMjQ1NDItMGNlNi00MmRjLWFhNzgtZTQ2ZTE4YWZkNTg42AIB4AIB&ucfs=1&arphpl=1&group_adults=2&req_adults=2&no_rooms=1&group_children=0&req_children=0&hpos=13&hapos=13&sr_order=popularity&srpvid=6aa474e207500075&srepoch=1777999051&from=searchresults,8.6,N/A,28
Collioure,Hotel Méditerranée,https://www.booking.com/hotel/fr/mediterranee-collioure.fr.html?aid=304142&label=gen173nr-10CAQoggJCEHNlYXJjaF9jb2xsaW91cmVIDVgEaE2IAQGYATO4ARfIAQzYAQPoAQH4AQGIAgGoAgG4AsW56M8GwAIB0gIkNGJiMjQ1NDItMGNlNi00MmRjLWFhNzgtZTQ2ZTE4YWZkNTg42AIB4AIB&ucfs=1&arphpl=1&group_adults=2&req_adults=2&no_rooms=1&group_children=0&req_children=0&hpos=14&hapos=14&sr_order=popularity&srpvid=6aa474e207500075&srepoch=1777999051&from=searchresults,7.9,N/A,28
Collioure,T3 de CHARME a 20 m de la plage centre village,https://www.booking.com/hotel/fr/4-rue-nungesser-et-coli.fr.html?aid=304142&label=gen173nr-10CAQoggJCEHNlYXJjaF9jb2xsaW91cmVIDVgEaE2IAQGYATO4ARfIAQzYAQPoAQH4AQGIAgGoAgG4AsW56M8GwAIB0gIkNGJiMjQ1NDItMGNlNi00MmRjLWFhNzgtZTQ2ZTE4YWZkNTg42AIB4AIB&ucfs=1&arphpl=1&group_adults=2&req_adults=2&no_rooms=1&group_children=0&req_children=0&hpos=15&hapos=15&sr_order=popularity&srpvid=6aa474e207500075&srepoch=1777999051&from=searchresults,8.4,N/A,28
Carcassonne,Appartement Aloa,https://www.booking.com/hotel/fr/aloa.fr.html?aid=304142&label=gen173nr-10CAQoggJCEnNlYXJjaF9jYXJjYXNzb25uZUgNWARoTYgBAZgBM7gBF8gBDNgBA-gBAfgBAYgCAagCAbgC3rnozwbAAgHSAiQ5ODhiNmJmMi0wYjAxLTQwOGYtYjJjMy0yYTdmMmNhZDBhNTDYAgHgAgE&ucfs=1&arphpl=1&group_adults=2&req_adults=2&no_rooms=1&group_children=0&req_children=0&hpos=13&hapos=13&sr_order=popularity&srpvid=f0df74ef66010504&srepoch=1777999076&from=searchresults,9.5,N/A,29
Carcassonne,SOWELL HOTELS Les Chevaliers,https://www.booking.com/hotel/fr/soleil-vacances-les-chevaliers.fr.html?aid=304142&label=gen173nr-10CAQoggJCEnNlYXJjaF9jYXJjYXNzb25uZUgNWARoTYgBAZgBM7gBF8gBDNgBA-gBAfgBAYgCAagCAbgC3rnozwbAAgHSAiQ5ODhiNmJmMi0wYjAxLTQwOGYtYjJjMy0yYTdmMmNhZDBhNTDYAgHgAgE&ucfs=1&arphpl=1&group_adults=2&req_adults=2&no_rooms=1&group_children=0&req_children=0&hpos=14&hapos=14&sr_order=popularity&srpvid=f0df74ef66010504&srepoch=1777999076&from=searchresults,8.2,N/A,29
Carcassonne,la porte medievale,https://www.booking.com/hotel/fr/la-porte-medievale.fr.html?aid=304142&label=gen173nr-10CAQoggJCEnNlYXJjaF9jYXJjYXNzb25uZUgNWARoTYgBAZgBM7gBF8gBDNgBA-gBAfgBAYgCAagCAbgC3rnozwbAAgHSAiQ5ODhiNmJmMi0wYjAxLTQwOGYtYjJjMy0yYTdmMmNhZDBhNTDYAgHgAgE&ucfs=1&arphpl=1&group_adults=2&req_adults=2&no_rooms=1&group_children=0&req_children=0&hpos=15&hapos=15&sr_order=popularity&srpvid=f0df74ef66010504&srepoch=1777999076&from=searchresults,8.9,N/A,29
Ariege,La Petite Ourse maison de village à Oust,https://www.booking.com/hotel/fr/la-petite-ourse-maison-de-village-a-oust.fr.html?aid=304142&label=gen173nr-10CAQoggJCDXNlYXJjaF9hcmllZ2VIDVgEaE2IAQGYATO4ARfIAQzYAQPoAQH4AQGIAgGoAgG4Ave56M8GwAIB0gIkYmVhZGI3ZTEtZmRhMC00M2IxLWE5MzgtZDBiZmU0YWEzOGVl2AIB4AIB&ucfs=1&arphpl=1&group_adults=2&req_adults=2&no_rooms=1&group_children=0&req_children=0&hpos=13&hapos=13&sr_order=popularity&srpvid=08f974fb3d2718e7&srepoch=1777999101&from=searchresults,8.4,N/A,30
Ariege,"Gites Libellule at Auberge de l'Arac, Bar, Restaurant",https://www.booking.com/hotel/fr/libellule-gites.fr.html?aid=304142&label=gen173nr-10CAQoggJCDXNlYXJjaF9hcmllZ2VIDVgEaE2IAQGYATO4ARfIAQzYAQPoAQH4AQGIAgGoAgG4Ave56M8GwAIB0gIkYmVhZGI3ZTEtZmRhMC00M2IxLWE5MzgtZDBiZmU0YWEzOGVl2AIB4AIB&ucfs=1&arphpl=1&group_adults=2&req_adults=2&no_rooms=1&group_children=0&req_children=0&hpos=14&hapos=14&sr_order=popularity&srpvid=08f974fb3d2718e7&srepoch=1777999101&from=searchresults,9.1,N/A,30
Ariege,Le Grand Cerf - 4 Couchages,https://www.booking.com/hotel/fr/le-grand-cerf-freychenet.fr.html?aid=304142&label=gen173nr-10CAQoggJCDXNlYXJjaF9hcmllZ2VIDVgEaE2IAQGYATO4ARfIAQzYAQPoAQH4AQGIAgGoAgG4Ave56M8GwAIB0gIkYmVhZGI3ZTEtZmRhMC00M2IxLWE5MzgtZDBiZmU0YWEzOGVl2AIB4AIB&ucfs=1&arphpl=1&group_adults=2&req_adults=2&no_rooms=1&group_children=0&req_children=0&hpos=15&hapos=15&sr_order=popularity&srpvid=08f974fb3d2718e7&srepoch=1777999101&from=searchresults,9.2,N/A,30
Toulouse,Nemea Appart Hotel Concorde Toulouse Gare Matabiau,https://www.booking.com/hotel/fr/residence-concorde.fr.html?aid=304142&label=gen173nr-10CAQoggJCD3NlYXJjaF90b3Vsb3VzZUgNWARoTYgBAZgBM7gBF8gBDNgBA-gBAfgBAYgCAagCAbgCkLrozwbAAgHSAiQ2NTE2MDkyMi1lYmExLTQ0MDMtYjA0Ni02ZWQ4MTc1ZmExNWPYAgHgAgE&ucfs=1&arphpl=1&group_adults=2&req_adults=2&no_rooms=1&group_children=0&req_children=0&hpos=13&hapos=13&sr_order=popularity&srpvid=2b2175083198021e&srepoch=1777999127&from=searchresults,8.3,N/A,31
Toulouse,Le Grand Balcon Hotel,https://www.booking.com/hotel/fr/le-grand-balcon-toulouse.fr.html?aid=304142&label=gen173nr-10CAQoggJCD3NlYXJjaF90b3Vsb3VzZUgNWARoTYgBAZgBM7gBF8gBDNgBA-gBAfgBAYgCAagCAbgCkLrozwbAAgHSAiQ2NTE2MDkyMi1lYmExLTQ0MDMtYjA0Ni02ZWQ4MTc1ZmExNWPYAgHgAgE&ucfs=1&arphpl=1&group_adults=2&req_adults=2&no_rooms=1&group_children=0&req_children=0&hpos=14&hapos=14&sr_order=popularity&srpvid=2b2175083198021e&srepoch=1777999127&from=searchresults,9.2,N/A,31
Toulouse,OVYO Hôtel,https://www.booking.com/hotel/fr/ovyo.fr.html?aid=304142&label=gen173nr-10CAQoggJCD3NlYXJjaF90b3Vsb3VzZUgNWARoTYgBAZgBM7gBF8gBDNgBA-gBAfgBAYgCAagCAbgCkLrozwbAAgHSAiQ2NTE2MDkyMi1lYmExLTQ0MDMtYjA0Ni02ZWQ4MTc1ZmExNWPYAgHgAgE&ucfs=1&arphpl=1&group_adults=2&req_adults=2&no_rooms=1&group_children=0&req_children=0&hpos=15&hapos=15&sr_order=popularity&srpvid=2b2175083198021e&srepoch=1777999127&from=searchresults,8.6,N/A,31
Montauban,Centre Louis Ormières,https://www.booking.com/hotel/fr/centre-louis-ormieres.fr.html?aid=304142&label=gen173nr-10CAQoggJCEHNlYXJjaF9tb250YXViYW5IDVgEaE2IAQGYATO4ARfIAQzYAQPoAQH4AQGIAgGoAgG4Aqq66M8GwAIB0gIkYWIwZDgxNzUtZjM2NC00MjUxLWFkNWMtMjVlMmU0ZThjN2Ix2AIB4AIB&ucfs=1&arphpl=1&group_adults=2&req_adults=2&no_rooms=1&group_children=0&req_children=0&hpos=13&hapos=13&sr_order=popularity&srpvid=72b47515ad5202eb&srepoch=1777999152&from=searchresults,8.5,N/A,32
Montauban,Chez Valérie et Vincent - La coulée douce,https://www.booking.com/hotel/fr/chez-valerie-et-vincent-la-coulee-douce.fr.html?aid=304142&label=gen173nr-10CAQoggJCEHNlYXJjaF9tb250YXViYW5IDVgEaE2IAQGYATO4ARfIAQzYAQPoAQH4AQGIAgGoAgG4Aqq66M8GwAIB0gIkYWIwZDgxNzUtZjM2NC00MjUxLWFkNWMtMjVlMmU0ZThjN2Ix2AIB4AIB&ucfs=1&arphpl=1&group_adults=2&req_adults=2&no_rooms=1&group_children=0&req_children=0&hpos=14&hapos=14&sr_order=popularity&srpvid=72b47515ad5202eb&srepoch=1777999152&from=searchresults,9.2,N/A,32
Montauban,"room five - parking, balnéothérapie, place nationale, un havre de paix",https://www.booking.com/hotel/fr/room-five-montauban.fr.html?aid=304142&label=gen173nr-10CAQoggJCEHNlYXJjaF9tb250YXViYW5IDVgEaE2IAQGYATO4ARfIAQzYAQPoAQH4AQGIAgGoAgG4Aqq66M8GwAIB0gIkYWIwZDgxNzUtZjM2NC00MjUxLWFkNWMtMjVlMmU0ZThjN2Ix2AIB4AIB&ucfs=1&arphpl=1&group_adults=2&req_adults=2&no_rooms=1&group_children=0&req_children=0&hpos=15&hapos=15&sr_order=popularity&srpvid=72b47515ad5202eb&srepoch=1777999152&from=searchresults,9.6,N/A,32
Biarritz,Hôtel & Espace Bien-être La Maison du Lierre,https://www.booking.com/hotel/fr/la-maison-du-lierre.fr.html?aid=304142&label=gen173nr-10CAQoggJCD3NlYXJjaF9iaWFycml0ekgNWARoTYgBAZgBM7gBF8gBDNgBA-gBAfgBAYgCAagCAbgCw7rozwbAAgHSAiQyNjNmZDlkNi05NmQ0LTQ1MjItYWFiNy1kMjk2MDIzYTU1N2PYAgHgAgE&ucfs=1&arphpl=1&group_adults=2&req_adults=2&no_rooms=1&group_children=0&req_children=0&hpos=13&hapos=13&sr_order=popularity&srpvid=8c427521732c025c&srepoch=1777999177&from=searchresults,9.2,N/A,33
Biarritz,Premiere Classe Biarritz,https://www.booking.com/hotel/fr/premiere-classe-biarritz.fr.html?aid=304142&label=gen173nr-10CAQoggJCD3NlYXJjaF9iaWFycml0ekgNWARoTYgBAZgBM7gBF8gBDNgBA-gBAfgBAYgCAagCAbgCw7rozwbAAgHSAiQyNjNmZDlkNi05NmQ0LTQ1MjItYWFiNy1kMjk2MDIzYTU1N2PYAgHgAgE&ucfs=1&arphpl=1&group_adults=2&req_adults=2&no_rooms=1&group_children=0&req_children=0&hpos=14&hapos=14&sr_order=popularity&srpvid=8c427521732c025c&srepoch=1777999177&from=searchresults,5.2,N/A,33
Biarritz,VTF Le Domaine de Françon,https://www.booking.com/hotel/fr/vtf-le-domaine-de-francon.fr.html?aid=304142&label=gen173nr-10CAQoggJCD3NlYXJjaF9iaWFycml0ekgNWARoTYgBAZgBM7gBF8gBDNgBA-gBAfgBAYgCAagCAbgCw7rozwbAAgHSAiQyNjNmZDlkNi05NmQ0LTQ1MjItYWFiNy1kMjk2MDIzYTU1N2PYAgHgAgE&ucfs=1&arphpl=1&group_adults=2&req_adults=2&no_rooms=1&group_children=0&req_children=0&hpos=15&hapos=15&sr_order=popularity&srpvid=8c427521732c025c&srepoch=1777999177&from=searchresults,8.5,N/A,33
Bayonne,Hôtel Villa KOEGUI Bayonne,https://www.booking.com/hotel/fr/villa-koegui-bayonne.fr.html?aid=304142&label=gen173nr-10CAQoggJCDnNlYXJjaF9iYXlvbm5lSA1YBGhNiAEBmAEzuAEXyAEM2AED6AEB-AEBiAIBqAIBuALcuujPBsACAdICJGZmYzMxOTY2LTViZmEtNDQxZi04ZWI1LWNhZWMzNzczNjBjN9gCAeACAQ&ucfs=1&arphpl=1&group_adults=2&req_adults=2&no_rooms=1&group_children=0&req_children=0&hpos=13&hapos=13&sr_order=popularity&srpvid=58e9752e11d60583&srepoch=1777999202&from=searchresults,8.9,N/A,34
Bayonne,Appartement résidence récente,https://www.booking.com/hotel/fr/appartement-residence-neuve.fr.html?aid=304142&label=gen173nr-10CAQoggJCDnNlYXJjaF9iYXlvbm5lSA1YBGhNiAEBmAEzuAEXyAEM2AED6AEB-AEBiAIBqAIBuALcuujPBsACAdICJGZmYzMxOTY2LTViZmEtNDQxZi04ZWI1LWNhZWMzNzczNjBjN9gCAeACAQ&ucfs=1&arphpl=1&group_adults=2&req_adults=2&no_rooms=1&group_children=0&req_children=0&hpos=14&hapos=14&sr_order=popularity&srpvid=58e9752e11d60583&srepoch=1777999202&from=searchresults,9.1,N/A,34
La Rochelle,Lagrange Apart'Hotel l’Escale Marine,https://www.booking.com/hotel/fr/l-escale-marine.fr.html?aid=304142&label=gen173nr-10CAQoggJCEnNlYXJjaF9sYSByb2NoZWxsZUgNWARoTYgBAZgBM7gBF8gBDNgBA-gBAfgBAYgCAagCAbgC9brozwbAAgHSAiQ1NzAyNTUyNC0yODU3LTQwMDEtYWM3Yi0yY2MxMTAzMzdmMTfYAgHgAgE&ucfs=1&arphpl=1&group_adults=2&req_adults=2&no_rooms=1&group_children=0&req_children=0&hpos=13&hapos=13&sr_order=popularity&srpvid=b3c9753aac1902f8&srepoch=1777999228&from=searchresults,7.7,N/A,35
La Rochelle,"Hotel La Marine, Vieux Port",https://www.booking.com/hotel/fr/la-marine-la-rochelle.fr.html?aid=304142&label=gen173nr-10CAQoggJCEnNlYXJjaF9sYSByb2NoZWxsZUgNWARoTYgBAZgBM7gBF8gBDNgBA-gBAfgBAYgCAagCAbgC9brozwbAAgHSAiQ1NzAyNTUyNC0yODU3LTQwMDEtYWM3Yi0yY2MxMTAzMzdmMTfYAgHgAgE&ucfs=1&arphpl=1&group_adults=2&req_adults=2&no_rooms=1&group_children=0&req_children=0&hpos=14&hapos=14&sr_order=popularity&srpvid=b3c9753aac1902f8&srepoch=1777999228&from=searchresults,8.5,N/A,35
La Rochelle,Hôtel Les Gens de Mer La Rochelle,https://www.booking.com/hotel/fr/les-gens-de-mer-la-rochelle.fr.html?aid=304142&label=gen173nr-10CAQoggJCEnNlYXJjaF9sYSByb2NoZWxsZUgNWARoTYgBAZgBM7gBF8gBDNgBA-gBAfgBAYgCAagCAbgC9brozwbAAgHSAiQ1NzAyNTUyNC0yODU3LTQwMDEtYWM3Yi0yY2MxMTAzMzdmMTfYAgHgAgE&ucfs=1&arphpl=1&group_adults=2&req_adults=2&no_rooms=1&group_children=0&req_children=0&hpos=15&hapos=15&sr_order=popularity&srpvid=b3c9753aac1902f8&srepoch=1777999228&from=searchresults,7.9,N/A,35
