city,hotel_name,url,rating,description,city_id,latitude,longitude
Mont Saint Michel,Auberge Saint Pierre,https://www.booking.com/hotel/fr/auberge-saint-pierre.fr.html?aid=304142&label=gen173nr-10CAQoggJCGHNlYXJjaF9tb250IHNhaW50IG1pY2hlbEgNWARoTYgBAZgBM7gBF8gBDNgBA-gBAfgBAYgCAagCAbgC8NqE0gbAAgHSAiRlZjZkZjJhZi1mMmNkLTRmZGItOWU3MS1iOTdhMzU3Yjc2YjXYAgHgAgE&ucfs=1&arphpl=1&group_adults=2&req_adults=2&no_rooms=1&group_children=0&req_children=0&hpos=13&hapos=13&sr_order=popularity&srpvid=a46764b8e62e0646&srepoch=1782656374&from=searchresults,8.0,N/A,1,48.6353774,-1.5099801
Mont Saint Michel,Appart Standing - La Coque d'Or - Mont-St-Michel,https://www.booking.com/hotel/fr/la-coque-d-or.fr.html?aid=304142&label=gen173nr-10CAQoggJCGHNlYXJjaF9tb250IHNhaW50IG1pY2hlbEgNWARoTYgBAZgBM7gBF8gBDNgBA-gBAfgBAYgCAagCAbgC8NqE0gbAAgHSAiRlZjZkZjJhZi1mMmNkLTRmZGItOWU3MS1iOTdhMzU3Yjc2YjXYAgHgAgE&ucfs=1&arphpl=1&group_adults=2&req_adults=2&no_rooms=1&group_children=0&req_children=0&hpos=14&hapos=14&sr_order=popularity&srpvid=a46764b8e62e0646&srepoch=1782656374&from=searchresults,9.6,N/A,1,48.6359541,-1.51146
Mont Saint Michel,"Chez Adèle, au pied de l'Abbaye",https://www.booking.com/hotel/fr/chez-adele-le-mont-saint-michel.fr.html?aid=304142&label=gen173nr-10CAQoggJCGHNlYXJjaF9tb250IHNhaW50IG1pY2hlbEgNWARoTYgBAZgBM7gBF8gBDNgBA-gBAfgBAYgCAagCAbgC8NqE0gbAAgHSAiRlZjZkZjJhZi1mMmNkLTRmZGItOWU3MS1iOTdhMzU3Yjc2YjXYAgHgAgE&ucfs=1&arphpl=1&group_adults=2&req_adults=2&no_rooms=1&group_children=0&req_children=0&hpos=15&hapos=15&sr_order=popularity&srpvid=a46764b8e62e0646&srepoch=1782656374&from=searchresults,9.1,N/A,1,48.6359541,-1.51146
St Malo,Studio Les Armateurs 3 by Interhome,https://www.booking.com/hotel/fr/studio-les-armateurs-3-by-interhome.fr.html?aid=304142&label=gen173nr-10CAQoggJCDnNlYXJjaF9zdCBtYWxvSA1YBGhNiAEBmAEzuAEXyAEM2AED6AEB-AEBiAIBqAIBuAKJ24TSBsACAdICJDUzZDFiM2YwLTBjMDQtNDk2Ny1iZDM0LTE0MDBhNWMxODM5YtgCAeACAQ&ucfs=1&arphpl=1&group_adults=2&req_adults=2&no_rooms=1&group_children=0&req_children=0&hpos=13&hapos=13&sr_order=popularity&srpvid=e71f64c404740290&srepoch=1782656399&from=searchresults,8.0,N/A,2,48.649518,-2.0260409
St Malo,Appartement lumineux et calme proche mer a pieds,https://www.booking.com/hotel/fr/appartement-lumineux-et-calme-saint-malo.fr.html?aid=304142&label=gen173nr-10CAQoggJCDnNlYXJjaF9zdCBtYWxvSA1YBGhNiAEBmAEzuAEXyAEM2AED6AEB-AEBiAIBqAIBuAKJ24TSBsACAdICJDUzZDFiM2YwLTBjMDQtNDk2Ny1iZDM0LTE0MDBhNWMxODM5YtgCAeACAQ&ucfs=1&arphpl=1&group_adults=2&req_adults=2&no_rooms=1&group_children=0&req_children=0&hpos=14&hapos=14&sr_order=popularity&srpvid=e71f64c404740290&srepoch=1782656399&from=searchresults,9.7,N/A,2,48.649518,-2.0260409
St Malo,Résidence Brocéliande,https://www.booking.com/hotel/fr/residence-broceliande.fr.html?aid=304142&label=gen173nr-10CAQoggJCDnNlYXJjaF9zdCBtYWxvSA1YBGhNiAEBmAEzuAEXyAEM2AED6AEB-AEBiAIBqAIBuAKJ24TSBsACAdICJDUzZDFiM2YwLTBjMDQtNDk2Ny1iZDM0LTE0MDBhNWMxODM5YtgCAeACAQ&ucfs=1&arphpl=1&group_adults=2&req_adults=2&no_rooms=1&group_children=0&req_children=0&hpos=15&hapos=15&sr_order=popularity&srpvid=e71f64c404740290&srepoch=1782656399&from=searchresults,9.4,N/A,2,48.649518,-2.0260409
Bayeux,Le petit Valhalla,https://www.booking.com/hotel/fr/le-petit-valhalla.fr.html?aid=304142&label=gen173nr-10CAQoggJCDXNlYXJjaF9iYXlldXhIDVgEaE2IAQGYATO4ARfIAQzYAQPoAQH4AQGIAgGoAgG4AqPbhNIGwAIB0gIkMTE0MDFiNzAtNDZjZi00MWUyLWFhYmMtYWQxOTNmYzU3MjE22AIB4AIB&ucfs=1&arphpl=1&group_adults=2&req_adults=2&no_rooms=1&group_children=0&req_children=0&hpos=13&hapos=13&sr_order=popularity&srpvid=01b164d1b1db0196&srepoch=1782656425&from=searchresults,8.5,N/A,3,49.2764624,-0.7024738
Bayeux,Maison cosy au centre historique de Bayeux,https://www.booking.com/hotel/fr/maison-cosy-au-centre-historique-de-bayeux.fr.html?aid=304142&label=gen173nr-10CAQoggJCDXNlYXJjaF9iYXlldXhIDVgEaE2IAQGYATO4ARfIAQzYAQPoAQH4AQGIAgGoAgG4AqPbhNIGwAIB0gIkMTE0MDFiNzAtNDZjZi00MWUyLWFhYmMtYWQxOTNmYzU3MjE22AIB4AIB&ucfs=1&arphpl=1&group_adults=2&req_adults=2&no_rooms=1&group_children=0&req_children=0&hpos=14&hapos=14&sr_order=popularity&srpvid=01b164d1b1db0196&srepoch=1782656425&from=searchresults,9.5,N/A,3,49.2764624,-0.7024738
Bayeux,Appartement Bayeux,https://www.booking.com/hotel/fr/appartement-bayeux.fr.html?aid=304142&label=gen173nr-10CAQoggJCDXNlYXJjaF9iYXlldXhIDVgEaE2IAQGYATO4ARfIAQzYAQPoAQH4AQGIAgGoAgG4AqPbhNIGwAIB0gIkMTE0MDFiNzAtNDZjZi00MWUyLWFhYmMtYWQxOTNmYzU3MjE22AIB4AIB&ucfs=1&arphpl=1&group_adults=2&req_adults=2&no_rooms=1&group_children=0&req_children=0&hpos=15&hapos=15&sr_order=popularity&srpvid=01b164d1b1db0196&srepoch=1782656425&from=searchresults,9.2,N/A,3,49.2764624,-0.7024738
Le Havre,Cocoon du Havre - Parking City Center,https://www.booking.com/hotel/fr/cocoon-du-havre-parking-city-center.fr.html?aid=304142&label=gen173nr-10CAQoggJCD3NlYXJjaF9sZSBoYXZyZUgNWARoTYgBAZgBM7gBF8gBDNgBA-gBAfgBAYgCAagCAbgCvNuE0gbAAgHSAiQ4NDE4YzBkYS01MTVlLTQyOWQtYmE4MS00MTg4NzFkNzg3ODHYAgHgAgE&ucfs=1&arphpl=1&group_adults=2&req_adults=2&no_rooms=1&group_children=0&req_children=0&hpos=13&hapos=13&sr_order=popularity&srpvid=38a464dee41e0300&srepoch=1782656450&from=searchresults,8.0,N/A,4,49.4938975,0.1079732
Le Havre,Appartement agréable et confortable pour 4 personnes,https://www.booking.com/hotel/fr/bel-appartement-t2-le-havre.fr.html?aid=304142&label=gen173nr-10CAQoggJCD3NlYXJjaF9sZSBoYXZyZUgNWARoTYgBAZgBM7gBF8gBDNgBA-gBAfgBAYgCAagCAbgCvNuE0gbAAgHSAiQ4NDE4YzBkYS01MTVlLTQyOWQtYmE4MS00MTg4NzFkNzg3ODHYAgHgAgE&ucfs=1&arphpl=1&group_adults=2&req_adults=2&no_rooms=1&group_children=0&req_children=0&hpos=14&hapos=14&sr_order=popularity&srpvid=38a464dee41e0300&srepoch=1782656450&from=searchresults,6.5,N/A,4,49.4938975,0.1079732
Le Havre,Ibis Budget Le Havre Les Docks,https://www.booking.com/hotel/fr/ibis-budget-le-havre-centre.fr.html?aid=304142&label=gen173nr-10CAQoggJCD3NlYXJjaF9sZSBoYXZyZUgNWARoTYgBAZgBM7gBF8gBDNgBA-gBAfgBAYgCAagCAbgCvNuE0gbAAgHSAiQ4NDE4YzBkYS01MTVlLTQyOWQtYmE4MS00MTg4NzFkNzg3ODHYAgHgAgE&ucfs=1&arphpl=1&group_adults=2&req_adults=2&no_rooms=1&group_children=0&req_children=0&hpos=15&hapos=15&sr_order=popularity&srpvid=38a464dee41e0300&srepoch=1782656450&from=searchresults,8.0,N/A,4,49.4938975,0.1079732
Rouen,Novotel Rouen Centre Cathédrale,https://www.booking.com/hotel/fr/novotel-rouen-centre-cathedrale.fr.html?aid=304142&label=gen173nr-10CAQoggJCDHNlYXJjaF9yb3VlbkgNWARoTYgBAZgBM7gBF8gBDNgBA-gBAfgBAYgCAagCAbgC1duE0gbAAgHSAiRlMDNiZDQxYS0xNGRlLTQxYzctOTRhNC0zZTY2MDE5M2Q1ZmXYAgHgAgE&ucfs=1&arphpl=1&group_adults=2&req_adults=2&no_rooms=1&group_children=0&req_children=0&hpos=13&hapos=13&sr_order=popularity&srpvid=aeb764ea08ac0746&srepoch=1782656475&from_sustainable_property_sr=1&from=searchresults,8.5,N/A,5,49.4404591,1.0939658
Rouen,Le petit Rouen,https://www.booking.com/hotel/fr/le-petit-rouen-rouen.fr.html?aid=304142&label=gen173nr-10CAQoggJCDHNlYXJjaF9yb3VlbkgNWARoTYgBAZgBM7gBF8gBDNgBA-gBAfgBAYgCAagCAbgC1duE0gbAAgHSAiRlMDNiZDQxYS0xNGRlLTQxYzctOTRhNC0zZTY2MDE5M2Q1ZmXYAgHgAgE&ucfs=1&arphpl=1&group_adults=2&req_adults=2&no_rooms=1&group_children=0&req_children=0&hpos=14&hapos=14&sr_order=popularity&srpvid=aeb764ea08ac0746&srepoch=1782656475&from=searchresults,9.6,N/A,5,49.4152126,1.0726799
Rouen,Ibis Rouen Centre Rive Gauche Mermoz,https://www.booking.com/hotel/fr/campanile-rouen-mermoz.fr.html?aid=304142&label=gen173nr-10CAQoggJCDHNlYXJjaF9yb3VlbkgNWARoTYgBAZgBM7gBF8gBDNgBA-gBAfgBAYgCAagCAbgC1duE0gbAAgHSAiRlMDNiZDQxYS0xNGRlLTQxYzctOTRhNC0zZTY2MDE5M2Q1ZmXYAgHgAgE&ucfs=1&arphpl=1&group_adults=2&req_adults=2&no_rooms=1&group_children=0&req_children=0&hpos=15&hapos=15&sr_order=popularity&srpvid=aeb764ea08ac0746&srepoch=1782656475&from=searchresults,8.0,N/A,5,49.4404591,1.0939658
Paris,"JOIVY Premium flats in the heart of the 9th arr, near Moulin Rouge",https://www.booking.com/hotel/fr/altido-pleasant-1-bed-flat-with-shared-courtyard.fr.html?aid=304142&label=gen173nr-10CAQoggJCDHNlYXJjaF9wYXJpc0gNWARoTYgBAZgBM7gBF8gBDNgBA-gBAfgBAYgCAagCAbgC79uE0gbAAgHSAiQzZDdhMGVhNS04ODczLTRlNzYtYjE0NS01NzU4ZmE3NTJiYjDYAgHgAgE&ucfs=1&arphpl=1&group_adults=2&req_adults=2&no_rooms=1&group_children=0&req_children=0&hpos=13&hapos=13&sr_order=popularity&srpvid=f58164f70ed905b7&srepoch=1782656501&from=searchresults,9.2,N/A,6,48.8534951,2.3483915
Paris,Hilton Paris Opera,https://www.booking.com/hotel/fr/hilton-paris-opera.fr.html?aid=304142&label=gen173nr-10CAQoggJCDHNlYXJjaF9wYXJpc0gNWARoTYgBAZgBM7gBF8gBDNgBA-gBAfgBAYgCAagCAbgC79uE0gbAAgHSAiQzZDdhMGVhNS04ODczLTRlNzYtYjE0NS01NzU4ZmE3NTJiYjDYAgHgAgE&ucfs=1&arphpl=1&group_adults=2&req_adults=2&no_rooms=1&group_children=0&req_children=0&hpos=14&hapos=14&sr_order=popularity&srpvid=f58164f70ed905b7&srepoch=1782656501&from_sustainable_property_sr=1&from=searchresults,7.6,N/A,6,48.8757217,2.3258963
Paris,Hotel Abbatial Saint Germain,https://www.booking.com/hotel/fr/abbatial-st-germain.fr.html?aid=304142&label=gen173nr-10CAQoggJCDHNlYXJjaF9wYXJpc0gNWARoTYgBAZgBM7gBF8gBDNgBA-gBAfgBAYgCAagCAbgC79uE0gbAAgHSAiQzZDdhMGVhNS04ODczLTRlNzYtYjE0NS01NzU4ZmE3NTJiYjDYAgHgAgE&ucfs=1&arphpl=1&group_adults=2&req_adults=2&no_rooms=1&group_children=0&req_children=0&hpos=15&hapos=15&sr_order=popularity&srpvid=f58164f70ed905b7&srepoch=1782656501&from=searchresults,8.7,N/A,6,48.8497498,2.3505242
Amiens,Moxy Amiens,https://www.booking.com/hotel/fr/campanile-amiens-centre-gare.fr.html?aid=304142&label=gen173nr-10CAQoggJCDXNlYXJjaF9hbWllbnNIDVgEaE2IAQGYATO4ARfIAQzYAQPoAQH4AQGIAgGoAgG4AonchNIGwAIB0gIkZWYwNjNkNGYtMWY1NS00NGMzLWE5NjUtOGY4NGMxYWI0ZDQy2AIB4AIB&ucfs=1&arphpl=1&group_adults=2&req_adults=2&no_rooms=1&group_children=0&req_children=0&hpos=13&hapos=13&sr_order=popularity&srpvid=d7c16504dfea031e&srepoch=1782656527&from_sustainable_property_sr=1&from=searchresults,8.5,N/A,7,49.8911235,2.3094939
Amiens,DOMITYS - La Plume de Samara,https://www.booking.com/hotel/fr/domitys-la-plume-de-samara.fr.html?aid=304142&label=gen173nr-10CAQoggJCDXNlYXJjaF9hbWllbnNIDVgEaE2IAQGYATO4ARfIAQzYAQPoAQH4AQGIAgGoAgG4AonchNIGwAIB0gIkZWYwNjNkNGYtMWY1NS00NGMzLWE5NjUtOGY4NGMxYWI0ZDQy2AIB4AIB&ucfs=1&arphpl=1&group_adults=2&req_adults=2&no_rooms=1&group_children=0&req_children=0&hpos=14&hapos=14&sr_order=popularity&srpvid=d7c16504dfea031e&srepoch=1782656527&from=searchresults,9.1,N/A,7,49.8941708,2.2956951
Amiens,La Clé de Julian,https://www.booking.com/hotel/fr/la-cle-de-julian.fr.html?aid=304142&label=gen173nr-10CAQoggJCDXNlYXJjaF9hbWllbnNIDVgEaE2IAQGYATO4ARfIAQzYAQPoAQH4AQGIAgGoAgG4AonchNIGwAIB0gIkZWYwNjNkNGYtMWY1NS00NGMzLWE5NjUtOGY4NGMxYWI0ZDQy2AIB4AIB&ucfs=1&arphpl=1&group_adults=2&req_adults=2&no_rooms=1&group_children=0&req_children=0&hpos=15&hapos=15&sr_order=popularity&srpvid=d7c16504dfea031e&srepoch=1782656527&from=searchresults,8.8,N/A,7,49.8941708,2.2956951
Lille,Appartements de Louise,https://www.booking.com/hotel/fr/appartements-de-louise.fr.html?aid=304142&label=gen173nr-10CAQoggJCDHNlYXJjaF9saWxsZUgNWARoTYgBAZgBM7gBF8gBDNgBA-gBAfgBAYgCAagCAbgCotyE0gbAAgHSAiQ1ZjQwODNhNy1hODJiLTRkZDgtYTQwMS02ODU2ZDYyMWZhNWHYAgHgAgE&ucfs=1&arphpl=1&group_adults=2&req_adults=2&no_rooms=1&group_children=0&req_children=0&hpos=13&hapos=13&sr_order=popularity&srpvid=190c6511b7650273&srepoch=1782656552&from=searchresults,8.8,N/A,8,50.6365654,3.0635282
Lille,Hotel Chagnot,https://www.booking.com/hotel/fr/hotel-balladins-superior-lille-centre.fr.html?aid=304142&label=gen173nr-10CAQoggJCDHNlYXJjaF9saWxsZUgNWARoTYgBAZgBM7gBF8gBDNgBA-gBAfgBAYgCAagCAbgCotyE0gbAAgHSAiQ1ZjQwODNhNy1hODJiLTRkZDgtYTQwMS02ODU2ZDYyMWZhNWHYAgHgAgE&ucfs=1&arphpl=1&group_adults=2&req_adults=2&no_rooms=1&group_children=0&req_children=0&hpos=14&hapos=14&sr_order=popularity&srpvid=190c6511b7650273&srepoch=1782656552&from=searchresults,8.1,N/A,8,50.6360459,3.0691899
Lille,B&B HOTEL Lille Centre Grand Palais,https://www.booking.com/hotel/fr/b-b-lille-centre-grand-palais.fr.html?aid=304142&label=gen173nr-10CAQoggJCDHNlYXJjaF9saWxsZUgNWARoTYgBAZgBM7gBF8gBDNgBA-gBAfgBAYgCAagCAbgCotyE0gbAAgHSAiQ1ZjQwODNhNy1hODJiLTRkZDgtYTQwMS02ODU2ZDYyMWZhNWHYAgHgAgE&ucfs=1&arphpl=1&group_adults=2&req_adults=2&no_rooms=1&group_children=0&req_children=0&hpos=15&hapos=15&sr_order=popularity&srpvid=190c6511b7650273&srepoch=1782656552&from_sustainable_property_sr=1&from=searchresults,8.0,N/A,8,50.6365654,3.0635282
Strasbourg,ibis Styles Strasbourg Stade de la Meinau,https://www.booking.com/hotel/fr/ibis-strasbourg-la-meinau.fr.html?aid=304142&label=gen173nr-10CAQoggJCEXNlYXJjaF9zdHJhc2JvdXJnSA1YBGhNiAEBmAEzuAEXyAEM2AED6AEB-AEBiAIBqAIBuAK73ITSBsACAdICJDEyZjE4MDkwLTQ4NTUtNDBlZC1hNDM4LTBiOGU5ZDdhZGZlYtgCAeACAQ&ucfs=1&arphpl=1&group_adults=2&req_adults=2&no_rooms=1&group_children=0&req_children=0&hpos=13&hapos=13&sr_order=popularity&srpvid=a010651d0e9d0973&srepoch=1782656577&from_sustainable_property_sr=1&from=searchresults,8.0,N/A,9,48.584614,7.7507127
Strasbourg,hotelF1 Strasbourg Pont de l'Europe,https://www.booking.com/hotel/fr/hotelf1-strasbourg-pont-de-l-europe.fr.html?aid=304142&label=gen173nr-10CAQoggJCEXNlYXJjaF9zdHJhc2JvdXJnSA1YBGhNiAEBmAEzuAEXyAEM2AED6AEB-AEBiAIBqAIBuAK73ITSBsACAdICJDEyZjE4MDkwLTQ4NTUtNDBlZC1hNDM4LTBiOGU5ZDdhZGZlYtgCAeACAQ&ucfs=1&arphpl=1&group_adults=2&req_adults=2&no_rooms=1&group_children=0&req_children=0&hpos=14&hapos=14&sr_order=popularity&srpvid=a010651d0e9d0973&srepoch=1782656577&from=searchresults,6.0,N/A,9,48.5730954,7.7929585
Strasbourg,Appartement Petite France avec terrasse,https://www.booking.com/hotel/fr/appartement-petite-france-avec-terrasse.fr.html?aid=304142&label=gen173nr-10CAQoggJCEXNlYXJjaF9zdHJhc2JvdXJnSA1YBGhNiAEBmAEzuAEXyAEM2AED6AEB-AEBiAIBqAIBuAK73ITSBsACAdICJDEyZjE4MDkwLTQ4NTUtNDBlZC1hNDM4LTBiOGU5ZDdhZGZlYtgCAeACAQ&ucfs=1&arphpl=1&group_adults=2&req_adults=2&no_rooms=1&group_children=0&req_children=0&hpos=15&hapos=15&sr_order=popularity&srpvid=a010651d0e9d0973&srepoch=1782656577&from=searchresults,9.2,N/A,9,48.584614,7.7507127
Chateau du Haut Koenigsbourg,Gîtes Strengbach,https://www.booking.com/hotel/fr/strenbach.fr.html?aid=304142&label=gen173nr-10CAQoggJCI3NlYXJjaF9jaGF0ZWF1IGR1IGhhdXQga29lbmlnc2JvdXJnSA1YBGhNiAEBmAEzuAEXyAEM2AED6AEB-AEBiAIBqAIBuALV3ITSBsACAdICJDlmMjQ5YWU4LTNlYjQtNDcxOS04Nzk1LTc4ZWI0NDkxZmU5Y9gCAeACAQ&ucfs=1&arphpl=1&group_adults=2&req_adults=2&no_rooms=1&group_children=0&req_children=0&hpos=13&hapos=13&sr_order=popularity&srpvid=9abb652af89f0050&srepoch=1782656603&from=searchresults,9.7,N/A,10,48.249382,7.3439412
Chateau du Haut Koenigsbourg,Gite-Annie,https://www.booking.com/hotel/fr/gite-annie.fr.html?aid=304142&label=gen173nr-10CAQoggJCI3NlYXJjaF9jaGF0ZWF1IGR1IGhhdXQga29lbmlnc2JvdXJnSA1YBGhNiAEBmAEzuAEXyAEM2AED6AEB-AEBiAIBqAIBuALV3ITSBsACAdICJDlmMjQ5YWU4LTNlYjQtNDcxOS04Nzk1LTc4ZWI0NDkxZmU5Y9gCAeACAQ&ucfs=1&arphpl=1&group_adults=2&req_adults=2&no_rooms=1&group_children=0&req_children=0&hpos=14&hapos=14&sr_order=popularity&srpvid=9abb652af89f0050&srepoch=1782656603&from=searchresults,8.8,N/A,10,48.249382,7.3439412
Chateau du Haut Koenigsbourg,La Fermette vosgienne de la Goutte,https://www.booking.com/hotel/fr/fermette-vosgienne-de-la-goutte.fr.html?aid=304142&label=gen173nr-10CAQoggJCI3NlYXJjaF9jaGF0ZWF1IGR1IGhhdXQga29lbmlnc2JvdXJnSA1YBGhNiAEBmAEzuAEXyAEM2AED6AEB-AEBiAIBqAIBuALV3ITSBsACAdICJDlmMjQ5YWU4LTNlYjQtNDcxOS04Nzk1LTc4ZWI0NDkxZmU5Y9gCAeACAQ&ucfs=1&arphpl=1&group_adults=2&req_adults=2&no_rooms=1&group_children=0&req_children=0&hpos=15&hapos=15&sr_order=popularity&srpvid=9abb652af89f0050&srepoch=1782656603&from=searchresults,9.6,N/A,10,48.249382,7.3439412
Colmar,Cit'Hotel Primo Colmar Centre,https://www.booking.com/hotel/fr/primo-colmar.fr.html?aid=304142&label=gen173nr-10CAQoggJCDXNlYXJjaF9jb2xtYXJIDVgEaE2IAQGYATO4ARfIAQzYAQPoAQH4AQGIAgGoAgG4Au_chNIGwAIB0gIkM2FhYmIzOTYtNGI4OC00Nzg3LWE2YjctODBlZjhkYjMyNjhi2AIB4AIB&ucfs=1&arphpl=1&group_adults=2&req_adults=2&no_rooms=1&group_children=0&req_children=0&hpos=13&hapos=13&sr_order=popularity&srpvid=fdc66537425d003b&srepoch=1782656629&from=searchresults,7.3,N/A,11,48.0777517,7.3579641
Colmar,Chez Jeanne - 2 personnes,https://www.booking.com/hotel/fr/chez-jeanne-colmar.fr.html?aid=304142&label=gen173nr-10CAQoggJCDXNlYXJjaF9jb2xtYXJIDVgEaE2IAQGYATO4ARfIAQzYAQPoAQH4AQGIAgGoAgG4Au_chNIGwAIB0gIkM2FhYmIzOTYtNGI4OC00Nzg3LWE2YjctODBlZjhkYjMyNjhi2AIB4AIB&ucfs=1&arphpl=1&group_adults=2&req_adults=2&no_rooms=1&group_children=0&req_children=0&hpos=14&hapos=14&sr_order=popularity&srpvid=fdc66537425d003b&srepoch=1782656629&from=searchresults,8.9,N/A,11,48.0777517,7.3579641
Colmar,Le Studio Bleu*10' centre*Parking*Balcon,https://www.booking.com/hotel/fr/le-studio-bleu-10-centre-parking-balcon.fr.html?aid=304142&label=gen173nr-10CAQoggJCDXNlYXJjaF9jb2xtYXJIDVgEaE2IAQGYATO4ARfIAQzYAQPoAQH4AQGIAgGoAgG4Au_chNIGwAIB0gIkM2FhYmIzOTYtNGI4OC00Nzg3LWE2YjctODBlZjhkYjMyNjhi2AIB4AIB&ucfs=1&arphpl=1&group_adults=2&req_adults=2&no_rooms=1&group_children=0&req_children=0&hpos=15&hapos=15&sr_order=popularity&srpvid=fdc66537425d003b&srepoch=1782656629&from=searchresults,8.8,N/A,11,48.0777517,7.3579641
Eguisheim,B&B Relais du Vigneron - Jean-Luc et Bruno Meyer,https://www.booking.com/hotel/fr/relais-du-vigneron-meyer.fr.html?aid=304142&label=gen173nr-10CAQoggJCEHNlYXJjaF9lZ3Vpc2hlaW1IDVgEaE2IAQGYATO4ARfIAQzYAQPoAQH4AQGIAgGoAgG4AojdhNIGwAIB0gIkODBiMzNkMTUtZDBlYS00ZGE1LWExYTItMDNkODc2NTlkZDMw2AIB4AIB&ucfs=1&arphpl=1&group_adults=2&req_adults=2&no_rooms=1&group_children=0&req_children=0&hpos=13&hapos=13&sr_order=popularity&srpvid=07c565445f190006&srepoch=1782656654&from=searchresults,9.1,N/A,12,48.0447968,7.3079618
Eguisheim,Le Studio des Vignes,https://www.booking.com/hotel/fr/charmant-studio-avec-parking-eguisheim.fr.html?aid=304142&label=gen173nr-10CAQoggJCEHNlYXJjaF9lZ3Vpc2hlaW1IDVgEaE2IAQGYATO4ARfIAQzYAQPoAQH4AQGIAgGoAgG4AojdhNIGwAIB0gIkODBiMzNkMTUtZDBlYS00ZGE1LWExYTItMDNkODc2NTlkZDMw2AIB4AIB&ucfs=1&arphpl=1&group_adults=2&req_adults=2&no_rooms=1&group_children=0&req_children=0&hpos=14&hapos=14&sr_order=popularity&srpvid=07c565445f190006&srepoch=1782656654&from=searchresults,9.5,N/A,12,48.0447968,7.3079618
Eguisheim,Gîtes Au Château Fleuri,https://www.booking.com/hotel/fr/gite-au-chateau-fleuri.fr.html?aid=304142&label=gen173nr-10CAQoggJCEHNlYXJjaF9lZ3Vpc2hlaW1IDVgEaE2IAQGYATO4ARfIAQzYAQPoAQH4AQGIAgGoAgG4AojdhNIGwAIB0gIkODBiMzNkMTUtZDBlYS00ZGE1LWExYTItMDNkODc2NTlkZDMw2AIB4AIB&ucfs=1&arphpl=1&group_adults=2&req_adults=2&no_rooms=1&group_children=0&req_children=0&hpos=15&hapos=15&sr_order=popularity&srpvid=07c565445f190006&srepoch=1782656654&from=searchresults,9.5,N/A,12,48.0447968,7.3079618
Besancon,Chambre d'Hôtes La Villa Molina,https://www.booking.com/hotel/fr/la-villa-molina.fr.html?aid=304142&label=gen173nr-10CAQoggJCD3NlYXJjaF9iZXNhbmNvbkgNWARoTYgBAZgBM7gBF8gBDNgBA-gBAfgBAYgCAagCAbgCod2E0gbAAgHSAiRiN2ZjNWIyZS1iZmIwLTQ4NTgtYmZjMC01ODE0YTQ1N2M0ZmXYAgHgAgE&ucfs=1&arphpl=1&group_adults=2&req_adults=2&no_rooms=1&group_children=0&req_children=0&hpos=13&hapos=13&sr_order=popularity&srpvid=775b655017050019&srepoch=1782656679&from=searchresults,9.4,N/A,13,47.2380222,6.0243622
Besancon,Hôtel AKENA Besançon,https://www.booking.com/hotel/fr/akena-besancon.fr.html?aid=304142&label=gen173nr-10CAQoggJCD3NlYXJjaF9iZXNhbmNvbkgNWARoTYgBAZgBM7gBF8gBDNgBA-gBAfgBAYgCAagCAbgCod2E0gbAAgHSAiRiN2ZjNWIyZS1iZmIwLTQ4NTgtYmZjMC01ODE0YTQ1N2M0ZmXYAgHgAgE&ucfs=1&arphpl=1&group_adults=2&req_adults=2&no_rooms=1&group_children=0&req_children=0&hpos=14&hapos=14&sr_order=popularity&srpvid=775b655017050019&srepoch=1782656679&from=searchresults,8.7,N/A,13,47.2346062,5.9007257
Besancon,hotelF1 Besancon Ouest Micropolis,https://www.booking.com/hotel/fr/hotelf1-besancon-ouest-micropolis.fr.html?aid=304142&label=gen173nr-10CAQoggJCD3NlYXJjaF9iZXNhbmNvbkgNWARoTYgBAZgBM7gBF8gBDNgBA-gBAfgBAYgCAagCAbgCod2E0gbAAgHSAiRiN2ZjNWIyZS1iZmIwLTQ4NTgtYmZjMC01ODE0YTQ1N2M0ZmXYAgHgAgE&ucfs=1&arphpl=1&group_adults=2&req_adults=2&no_rooms=1&group_children=0&req_children=0&hpos=15&hapos=15&sr_order=popularity&srpvid=775b655017050019&srepoch=1782656679&from=searchresults,4.7,N/A,13,47.2380222,6.0243622
Dijon,Cosy T2 38m2 - Centre-Ville Dijon- Gare/Darcy,https://www.booking.com/hotel/fr/9-rue-benigne-fremyot.fr.html?aid=304142&label=gen173nr-10CAQoggJCDHNlYXJjaF9kaWpvbkgNWARoTYgBAZgBM7gBF8gBDNgBA-gBAfgBAYgCAagCAbgCu92E0gbAAgHSAiQ1ZjNkMGVkNC00NzQyLTRhYTgtYjRiOC0xNTI1M2RiMTlkMDfYAgHgAgE&ucfs=1&arphpl=1&group_adults=2&req_adults=2&no_rooms=1&group_children=0&req_children=0&hpos=13&hapos=13&sr_order=popularity&srpvid=b3c9655daa360200&srepoch=1782656705&from=searchresults,9.3,N/A,14,47.3215806,5.0414701
Dijon,Holiday Inn Dijon Sud - Longvic by IHG,https://www.booking.com/hotel/fr/holiday-inn-dijon-sud-longvic-an-ihg.fr.html?aid=304142&label=gen173nr-10CAQoggJCDHNlYXJjaF9kaWpvbkgNWARoTYgBAZgBM7gBF8gBDNgBA-gBAfgBAYgCAagCAbgCu92E0gbAAgHSAiQ1ZjNkMGVkNC00NzQyLTRhYTgtYjRiOC0xNTI1M2RiMTlkMDfYAgHgAgE&ucfs=1&arphpl=1&group_adults=2&req_adults=2&no_rooms=1&group_children=0&req_children=0&hpos=14&hapos=14&sr_order=popularity&srpvid=b3c9655daa360200&srepoch=1782656705&from=searchresults,8.8,N/A,14,47.3215806,5.0414701
Dijon,Le petit POTE' studio Dijon hyper centre,https://www.booking.com/hotel/fr/le-petit-pote-dijon-hyper-center-studio.fr.html?aid=304142&label=gen173nr-10CAQoggJCDHNlYXJjaF9kaWpvbkgNWARoTYgBAZgBM7gBF8gBDNgBA-gBAfgBAYgCAagCAbgCu92E0gbAAgHSAiQ1ZjNkMGVkNC00NzQyLTRhYTgtYjRiOC0xNTI1M2RiMTlkMDfYAgHgAgE&ucfs=1&arphpl=1&group_adults=2&req_adults=2&no_rooms=1&group_children=0&req_children=0&hpos=15&hapos=15&sr_order=popularity&srpvid=b3c9655daa360200&srepoch=1782656705&from=searchresults,9.6,N/A,14,47.3215806,5.0414701
Annecy,Annecy centre et lac,https://www.booking.com/hotel/fr/annecy-centre-et-lac.fr.html?aid=304142&label=gen173nr-10CAQoggJCDXNlYXJjaF9hbm5lY3lIDVgEaE2IAQGYATO4ARfIAQzYAQPoAQH4AQGIAgGoAgG4AtXdhNIGwAIB0gIkNzFmMWQ1NTYtMjk0ZC00NTA4LTg1N2ItNTQ5ODc1N2I1YjJi2AIB4AIB&ucfs=1&arphpl=1&group_adults=2&req_adults=2&no_rooms=1&group_children=0&req_children=0&hpos=13&hapos=13&sr_order=popularity&srpvid=8ecf656a86220b52&srepoch=1782656731&from=searchresults,9.3,N/A,15,45.8992348,6.1288847
Annecy,"Le ""Wood""",https://www.booking.com/hotel/fr/le-wood.fr.html?aid=304142&label=gen173nr-10CAQoggJCDXNlYXJjaF9hbm5lY3lIDVgEaE2IAQGYATO4ARfIAQzYAQPoAQH4AQGIAgGoAgG4AtXdhNIGwAIB0gIkNzFmMWQ1NTYtMjk0ZC00NTA4LTg1N2ItNTQ5ODc1N2I1YjJi2AIB4AIB&ucfs=1&arphpl=1&group_adults=2&req_adults=2&no_rooms=1&group_children=0&req_children=0&hpos=14&hapos=14&sr_order=popularity&srpvid=8ecf656a86220b52&srepoch=1782656731&from=searchresults,8.9,N/A,15,45.750066,6.186076
Annecy,Le 540 - Annecy - Parking,https://www.booking.com/hotel/fr/le-540-annecy-parking.fr.html?aid=304142&label=gen173nr-10CAQoggJCDXNlYXJjaF9hbm5lY3lIDVgEaE2IAQGYATO4ARfIAQzYAQPoAQH4AQGIAgGoAgG4AtXdhNIGwAIB0gIkNzFmMWQ1NTYtMjk0ZC00NTA4LTg1N2ItNTQ5ODc1N2I1YjJi2AIB4AIB&ucfs=1&arphpl=1&group_adults=2&req_adults=2&no_rooms=1&group_children=0&req_children=0&hpos=15&hapos=15&sr_order=popularity&srpvid=8ecf656a86220b52&srepoch=1782656731&from=searchresults,8.8,N/A,15,45.8992348,6.1288847
Grenoble,Residhome Grenoble Caserne De Bonne,https://www.booking.com/hotel/fr/residhome-prestige-grenoble-caserne-de-bonne.fr.html?aid=304142&label=gen173nr-10CAQoggJCD3NlYXJjaF9ncmVub2JsZUgNWARoTYgBAZgBM7gBF8gBDNgBA-gBAfgBAYgCAagCAbgC7t2E0gbAAgHSAiRmMjE3Y2E4Yi00Y2QzLTRkYTItOTc1Zi0yZjBhMjNjZWQ5NznYAgHgAgE&ucfs=1&arphpl=1&group_adults=2&req_adults=2&no_rooms=1&group_children=0&req_children=0&hpos=13&hapos=13&sr_order=popularity&srpvid=cfeb6577ed490348&srepoch=1782656756&from=searchresults,8.0,N/A,16,45.1834611,5.7243571
Grenoble,"Le Grand Hôtel Grenoble, BW Premier Collection by Best Western",https://www.booking.com/hotel/fr/le-grand-grenoble-centre.fr.html?aid=304142&label=gen173nr-10CAQoggJCD3NlYXJjaF9ncmVub2JsZUgNWARoTYgBAZgBM7gBF8gBDNgBA-gBAfgBAYgCAagCAbgC7t2E0gbAAgHSAiRmMjE3Y2E4Yi00Y2QzLTRkYTItOTc1Zi0yZjBhMjNjZWQ5NznYAgHgAgE&ucfs=1&arphpl=1&group_adults=2&req_adults=2&no_rooms=1&group_children=0&req_children=0&hpos=14&hapos=14&sr_order=popularity&srpvid=cfeb6577ed490348&srepoch=1782656756&from_sustainable_property_sr=1&from=searchresults,8.7,N/A,16,45.1875602,5.7357819
Grenoble,L'aube Climatisation Parking 2 chambres,https://www.booking.com/hotel/fr/aube-climatisation-parking-2-chambres.fr.html?aid=304142&label=gen173nr-10CAQoggJCD3NlYXJjaF9ncmVub2JsZUgNWARoTYgBAZgBM7gBF8gBDNgBA-gBAfgBAYgCAagCAbgC7t2E0gbAAgHSAiRmMjE3Y2E4Yi00Y2QzLTRkYTItOTc1Zi0yZjBhMjNjZWQ5NznYAgHgAgE&ucfs=1&arphpl=1&group_adults=2&req_adults=2&no_rooms=1&group_children=0&req_children=0&hpos=15&hapos=15&sr_order=popularity&srpvid=cfeb6577ed490348&srepoch=1782656756&from=searchresults,8.7,N/A,16,45.1875602,5.7357819
Lyon,Les Capucins - Lyon 1er,https://www.booking.com/hotel/fr/les-capucins-lyon.fr.html?aid=304142&label=gen173nr-10CAQoggJCC3NlYXJjaF9seW9uSA1YBGhNiAEBmAEzuAEXyAEM2AED6AEB-AEBiAIBqAIBuAKI3oTSBsACAdICJDlkOTY3ZWY1LWNiMGItNDQ0YS1iYWI4LTMxMmZlNzNkNmY3YdgCAeACAQ&ucfs=1&arphpl=1&group_adults=2&req_adults=2&no_rooms=1&group_children=0&req_children=0&hpos=13&hapos=13&sr_order=popularity&srpvid=5f366584be5e00cf&srepoch=1782656782&from=searchresults,8.2,N/A,17,45.7688412,4.8324921
Lyon,Novotel Lyon Centre-Confluence Bord de Saone,https://www.booking.com/hotel/fr/novotel-lyon-confluence.fr.html?aid=304142&label=gen173nr-10CAQoggJCC3NlYXJjaF9seW9uSA1YBGhNiAEBmAEzuAEXyAEM2AED6AEB-AEBiAIBqAIBuAKI3oTSBsACAdICJDlkOTY3ZWY1LWNiMGItNDQ0YS1iYWI4LTMxMmZlNzNkNmY3YdgCAeACAQ&ucfs=1&arphpl=1&group_adults=2&req_adults=2&no_rooms=1&group_children=0&req_children=0&hpos=14&hapos=14&sr_order=popularity&srpvid=5f366584be5e00cf&srepoch=1782656782&from_sustainable_property_sr=1&from=searchresults,8.4,N/A,17,45.7578137,4.8320114
Lyon,ibis budget Lyon Gerland,https://www.booking.com/hotel/fr/ibis-budget-lyon-gerland.fr.html?aid=304142&label=gen173nr-10CAQoggJCC3NlYXJjaF9seW9uSA1YBGhNiAEBmAEzuAEXyAEM2AED6AEB-AEBiAIBqAIBuAKI3oTSBsACAdICJDlkOTY3ZWY1LWNiMGItNDQ0YS1iYWI4LTMxMmZlNzNkNmY3YdgCAeACAQ&ucfs=1&arphpl=1&group_adults=2&req_adults=2&no_rooms=1&group_children=0&req_children=0&hpos=15&hapos=15&sr_order=popularity&srpvid=5f366584be5e00cf&srepoch=1782656782&from=searchresults,6.5,N/A,17,45.7262529,4.840235
Gorges du Verdon,Maison de campagne 6 personnes,https://www.booking.com/hotel/fr/maison-de-campagne-6-personnes.fr.html?aid=304142&label=gen173nr-10CAQoggJCF3NlYXJjaF9nb3JnZXMgZHUgdmVyZG9uSA1YBGhNiAEBmAEzuAEXyAEM2AED6AEB-AEBiAIBqAIBuAKh3oTSBsACAdICJDJiOTg1MjI4LTU4NjktNDRlYy05MmIzLTg3OGQ1ZjIzZDMxZNgCAeACAQ&ucfs=1&arphpl=1&group_adults=2&req_adults=2&no_rooms=1&group_children=0&req_children=0&hpos=13&hapos=13&sr_order=popularity&srpvid=213d6590faca216e&srepoch=1782656807&from=searchresults,9.2,N/A,18,43.7496562,6.3285616
Gorges du Verdon,Camping Le Saint Clair,https://www.booking.com/hotel/fr/le-saint-clair-moustiers-sainte-marie.fr.html?aid=304142&label=gen173nr-10CAQoggJCF3NlYXJjaF9nb3JnZXMgZHUgdmVyZG9uSA1YBGhNiAEBmAEzuAEXyAEM2AED6AEB-AEBiAIBqAIBuAKh3oTSBsACAdICJDJiOTg1MjI4LTU4NjktNDRlYy05MmIzLTg3OGQ1ZjIzZDMxZNgCAeACAQ&ucfs=1&arphpl=1&group_adults=2&req_adults=2&no_rooms=1&group_children=0&req_children=0&hpos=14&hapos=14&sr_order=popularity&srpvid=213d6590faca216e&srepoch=1782656807&from=searchresults,8.1,N/A,18,43.7496562,6.3285616
Gorges du Verdon,Les Canyons du Verdon,https://www.booking.com/hotel/fr/les-canyons-du-verdon.fr.html?aid=304142&label=gen173nr-10CAQoggJCF3NlYXJjaF9nb3JnZXMgZHUgdmVyZG9uSA1YBGhNiAEBmAEzuAEXyAEM2AED6AEB-AEBiAIBqAIBuAKh3oTSBsACAdICJDJiOTg1MjI4LTU4NjktNDRlYy05MmIzLTg3OGQ1ZjIzZDMxZNgCAeACAQ&ucfs=1&arphpl=1&group_adults=2&req_adults=2&no_rooms=1&group_children=0&req_children=0&hpos=15&hapos=15&sr_order=popularity&srpvid=213d6590faca216e&srepoch=1782656807&from=searchresults,7.8,N/A,18,43.7496562,6.3285616
Bormes les Mimosas,My Little Provence Bormes Les Mimosas,https://www.booking.com/hotel/fr/my-little-provence.fr.html?aid=304142&label=gen173nr-10CAQoggJCGXNlYXJjaF9ib3JtZXMgbGVzIG1pbW9zYXNIDVgEaE2IAQGYATO4ARfIAQzYAQPoAQH4AQGIAgGoAgG4ArrehNIGwAIB0gIkNGI0ODVhMDAtY2FkZC00MWI4LTlhOTgtNjVhMzlkY2RiYTc22AIB4AIB&ucfs=1&arphpl=1&group_adults=2&req_adults=2&no_rooms=1&group_children=0&req_children=0&hpos=13&hapos=13&sr_order=popularity&srpvid=58d7659d0d7506b7&srepoch=1782656832&from=searchresults,9.0,N/A,19,43.1506968,6.3419285
Bormes les Mimosas,"SELECTsoHOME - Vue mer, piscine, 10p - Provence - VILLA BELLA VISTA",https://www.booking.com/hotel/fr/selectsohome-vue-mer-piscine-10p-provence-villa-bella-vista.fr.html?aid=304142&label=gen173nr-10CAQoggJCGXNlYXJjaF9ib3JtZXMgbGVzIG1pbW9zYXNIDVgEaE2IAQGYATO4ARfIAQzYAQPoAQH4AQGIAgGoAgG4ArrehNIGwAIB0gIkNGI0ODVhMDAtY2FkZC00MWI4LTlhOTgtNjVhMzlkY2RiYTc22AIB4AIB&ucfs=1&arphpl=1&group_adults=2&req_adults=2&no_rooms=1&group_children=0&req_children=0&hpos=14&hapos=14&sr_order=popularity&srpvid=58d7659d0d7506b7&srepoch=1782656832&from=searchresults,0.0,N/A,19,43.1506968,6.3419285
Bormes les Mimosas,"Appartement 4 personnes dans domaine privé, calme, plage",https://www.booking.com/hotel/fr/t2-et-studio-domaine-prive-calme-4-ou-6-personnes.fr.html?aid=304142&label=gen173nr-10CAQoggJCGXNlYXJjaF9ib3JtZXMgbGVzIG1pbW9zYXNIDVgEaE2IAQGYATO4ARfIAQzYAQPoAQH4AQGIAgGoAgG4ArrehNIGwAIB0gIkNGI0ODVhMDAtY2FkZC00MWI4LTlhOTgtNjVhMzlkY2RiYTc22AIB4AIB&ucfs=1&arphpl=1&group_adults=2&req_adults=2&no_rooms=1&group_children=0&req_children=0&hpos=15&hapos=15&sr_order=popularity&srpvid=58d7659d0d7506b7&srepoch=1782656832&from=searchresults,9.5,N/A,19,43.1506968,6.3419285
Cassis,Les Jardins de Cassis - Parking Gratuit & Piscine Chauffée,https://www.booking.com/hotel/fr/les-jardins-de-cassis.fr.html?aid=304142&label=gen173nr-10CAQoggJCDXNlYXJjaF9jYXNzaXNIDVgEaE2IAQGYATO4ARfIAQzYAQPoAQH4AQGIAgGoAgG4AtTehNIGwAIB0gIkMWIwNzU0MGQtMzAxNS00OTJhLTg1YjQtYjc5YTJiZmYxZDI12AIB4AIB&ucfs=1&arphpl=1&group_adults=2&req_adults=2&no_rooms=1&group_children=0&req_children=0&hpos=13&hapos=13&sr_order=popularity&srpvid=a76e65aa458a0157&srepoch=1782656858&from=searchresults,8.1,N/A,20,43.2140359,5.5396318
Cassis,"The Originals Boutique, Hôtel Cassitel, Cassis",https://www.booking.com/hotel/fr/interhotel-cassitel.fr.html?aid=304142&label=gen173nr-10CAQoggJCDXNlYXJjaF9jYXNzaXNIDVgEaE2IAQGYATO4ARfIAQzYAQPoAQH4AQGIAgGoAgG4AtTehNIGwAIB0gIkMWIwNzU0MGQtMzAxNS00OTJhLTg1YjQtYjc5YTJiZmYxZDI12AIB4AIB&ucfs=1&arphpl=1&group_adults=2&req_adults=2&no_rooms=1&group_children=0&req_children=0&hpos=14&hapos=14&sr_order=popularity&srpvid=a76e65aa458a0157&srepoch=1782656858&from=searchresults,8.1,N/A,20,43.2140359,5.5396318
Cassis,L'appartement du plongeur,https://www.booking.com/hotel/fr/appartement-du-plongeur.fr.html?aid=304142&label=gen173nr-10CAQoggJCDXNlYXJjaF9jYXNzaXNIDVgEaE2IAQGYATO4ARfIAQzYAQPoAQH4AQGIAgGoAgG4AtTehNIGwAIB0gIkMWIwNzU0MGQtMzAxNS00OTJhLTg1YjQtYjc5YTJiZmYxZDI12AIB4AIB&ucfs=1&arphpl=1&group_adults=2&req_adults=2&no_rooms=1&group_children=0&req_children=0&hpos=15&hapos=15&sr_order=popularity&srpvid=a76e65aa458a0157&srepoch=1782656858&from=searchresults,0.0,N/A,20,43.2140359,5.5396318
Marseille,Novotel Marseille Centre Prado Vélodrome,https://www.booking.com/hotel/fr/novotel-marseille-centre-prado.fr.html?aid=304142&label=gen173nr-10CAQoggJCEHNlYXJjaF9tYXJzZWlsbGVIDVgEaE2IAQGYATO4ARfIAQzYAQPoAQH4AQGIAgGoAgG4Au3ehNIGwAIB0gIkNWE3Y2JlYWEtMjQ1Mi00NjU2LWI5Y2ItZDA1MDAwNzAyMzgy2AIB4AIB&ucfs=1&arphpl=1&group_adults=2&req_adults=2&no_rooms=1&group_children=0&req_children=0&hpos=13&hapos=13&sr_order=popularity&srpvid=947965b6f8030941&srepoch=1782656883&from_sustainable_property_sr=1&from=searchresults,7.9,N/A,21,43.2963986,5.3777888
Marseille,bambou house x Jardin calme centre-ville,https://www.booking.com/hotel/fr/2p-jardin-calme-centre-ville.fr.html?aid=304142&label=gen173nr-10CAQoggJCEHNlYXJjaF9tYXJzZWlsbGVIDVgEaE2IAQGYATO4ARfIAQzYAQPoAQH4AQGIAgGoAgG4Au3ehNIGwAIB0gIkNWE3Y2JlYWEtMjQ1Mi00NjU2LWI5Y2ItZDA1MDAwNzAyMzgy2AIB4AIB&ucfs=1&arphpl=1&group_adults=2&req_adults=2&no_rooms=1&group_children=0&req_children=0&hpos=14&hapos=14&sr_order=popularity&srpvid=947965b6f8030941&srepoch=1782656883&from=searchresults,6.2,N/A,21,43.2963986,5.3777888
Marseille,Studio agreable au coeur du quartier historique,https://www.booking.com/hotel/fr/studio-agreable-au-coeur-du-quartier-historique-marseille1.fr.html?aid=304142&label=gen173nr-10CAQoggJCEHNlYXJjaF9tYXJzZWlsbGVIDVgEaE2IAQGYATO4ARfIAQzYAQPoAQH4AQGIAgGoAgG4Au3ehNIGwAIB0gIkNWE3Y2JlYWEtMjQ1Mi00NjU2LWI5Y2ItZDA1MDAwNzAyMzgy2AIB4AIB&ucfs=1&arphpl=1&group_adults=2&req_adults=2&no_rooms=1&group_children=0&req_children=0&hpos=15&hapos=15&sr_order=popularity&srpvid=947965b6f8030941&srepoch=1782656883&from=searchresults,7.8,N/A,21,43.2963986,5.3777888
Aix en Provence,DOMITYS - L'Amandier,https://www.booking.com/hotel/fr/domitys-l-amandier.fr.html?aid=304142&label=gen173nr-10CAQoggJCFnNlYXJjaF9haXggZW4gcHJvdmVuY2VIDVgEaE2IAQGYATO4ARfIAQzYAQPoAQH4AQGIAgGoAgG4AobfhNIGwAIB0gIkYmRjOTA4OTctODc3NS00MTVmLWJlOWItYmZlMzZjNDI5NGU12AIB4AIB&ucfs=1&arphpl=1&group_adults=2&req_adults=2&no_rooms=1&group_children=0&req_children=0&hpos=13&hapos=13&sr_order=popularity&srpvid=ddee65c334d6047a&srepoch=1782656908&from=searchresults,8.9,N/A,22,43.5298424,5.4474738
Aix en Provence,Appart'hôtel Odalys City - Aix en Provence Centre Palais des Congrès,https://www.booking.com/hotel/fr/atrium-d-anaite.fr.html?aid=304142&label=gen173nr-10CAQoggJCFnNlYXJjaF9haXggZW4gcHJvdmVuY2VIDVgEaE2IAQGYATO4ARfIAQzYAQPoAQH4AQGIAgGoAgG4AobfhNIGwAIB0gIkYmRjOTA4OTctODc3NS00MTVmLWJlOWItYmZlMzZjNDI5NGU12AIB4AIB&ucfs=1&arphpl=1&group_adults=2&req_adults=2&no_rooms=1&group_children=0&req_children=0&hpos=14&hapos=14&sr_order=popularity&srpvid=ddee65c334d6047a&srepoch=1782656908&from=searchresults,8.0,N/A,22,43.5298424,5.4474738
Aix en Provence,Studio cosy hypercentre Aix,https://www.booking.com/hotel/fr/studio-cosy-hypercentre-aix-aix-en-provence.fr.html?aid=304142&label=gen173nr-10CAQoggJCFnNlYXJjaF9haXggZW4gcHJvdmVuY2VIDVgEaE2IAQGYATO4ARfIAQzYAQPoAQH4AQGIAgGoAgG4AobfhNIGwAIB0gIkYmRjOTA4OTctODc3NS00MTVmLWJlOWItYmZlMzZjNDI5NGU12AIB4AIB&ucfs=1&arphpl=1&group_adults=2&req_adults=2&no_rooms=1&group_children=0&req_children=0&hpos=15&hapos=15&sr_order=popularity&srpvid=ddee65c334d6047a&srepoch=1782656908&from=searchresults,8.3,N/A,22,43.5298424,5.4474738
Avignon,Charmant studio en plein centre d'Avignon,https://www.booking.com/hotel/fr/charmant-studio-en-plein-centre-d-avignon.fr.html?aid=304142&label=gen173nr-10CAQoggJCDnNlYXJjaF9hdmlnbm9uSA1YBGhNiAEBmAEzuAEXyAEM2AED6AEB-AEBiAIBqAIBuAKg34TSBsACAdICJDk1NzVjZjBiLTU4NTEtNDM0Yy1iMDcyLTdkYTRjMmZmOGQ5YtgCAeACAQ&ucfs=1&arphpl=1&group_adults=2&req_adults=2&no_rooms=1&group_children=0&req_children=0&hpos=13&hapos=13&sr_order=popularity&srpvid=b6dc65d069b702be&srepoch=1782656934&from=searchresults,6.3,N/A,23,43.9492493,4.8059012
Avignon,Golden Tulip Avignon Le Paradou,https://www.booking.com/hotel/fr/goldentulip-avignon-leparadou.fr.html?aid=304142&label=gen173nr-10CAQoggJCDnNlYXJjaF9hdmlnbm9uSA1YBGhNiAEBmAEzuAEXyAEM2AED6AEB-AEBiAIBqAIBuAKg34TSBsACAdICJDk1NzVjZjBiLTU4NTEtNDM0Yy1iMDcyLTdkYTRjMmZmOGQ5YtgCAeACAQ&ucfs=1&arphpl=1&group_adults=2&req_adults=2&no_rooms=1&group_children=0&req_children=0&hpos=14&hapos=14&sr_order=popularity&srpvid=b6dc65d069b702be&srepoch=1782656934&from=searchresults,8.3,N/A,23,43.9492493,4.8059012
Avignon,ibis Avignon Centre Pont De L'Europe,https://www.booking.com/hotel/fr/ibis-avignon-centre-pont-de-l-europe.fr.html?aid=304142&label=gen173nr-10CAQoggJCDnNlYXJjaF9hdmlnbm9uSA1YBGhNiAEBmAEzuAEXyAEM2AED6AEB-AEBiAIBqAIBuAKg34TSBsACAdICJDk1NzVjZjBiLTU4NTEtNDM0Yy1iMDcyLTdkYTRjMmZmOGQ5YtgCAeACAQ&ucfs=1&arphpl=1&group_adults=2&req_adults=2&no_rooms=1&group_children=0&req_children=0&hpos=15&hapos=15&sr_order=popularity&srpvid=b6dc65d069b702be&srepoch=1782656934&from=searchresults,7.7,N/A,23,43.9492493,4.8059012
Uzes,La Pascallane,https://www.booking.com/hotel/fr/la-pascallane.fr.html?aid=304142&label=gen173nr-10CAQoggJCC3NlYXJjaF91emVzSA1YBGhNiAEBmAEzuAEXyAEM2AED6AEB-AEBiAIBqAIBuAK534TSBsACAdICJDQwODhlYTQ2LTBkMDUtNGY0OC1hZmMzLTJmODcwYjhmNjljONgCAeACAQ&ucfs=1&arphpl=1&group_adults=2&req_adults=2&no_rooms=1&group_children=0&req_children=0&hpos=13&hapos=13&sr_order=popularity&srpvid=6a1e65dc22cd05ee&srepoch=1782656959&from=searchresults,9.0,N/A,24,44.0121279,4.4196718
Uzes,"""La Suite"" 3 Etoiles",https://www.booking.com/hotel/fr/la-suite-a-50-metres-de-la-place-aux-herbes.fr.html?aid=304142&label=gen173nr-10CAQoggJCC3NlYXJjaF91emVzSA1YBGhNiAEBmAEzuAEXyAEM2AED6AEB-AEBiAIBqAIBuAK534TSBsACAdICJDQwODhlYTQ2LTBkMDUtNGY0OC1hZmMzLTJmODcwYjhmNjljONgCAeACAQ&ucfs=1&arphpl=1&group_adults=2&req_adults=2&no_rooms=1&group_children=0&req_children=0&hpos=14&hapos=14&sr_order=popularity&srpvid=6a1e65dc22cd05ee&srepoch=1782656959&from=searchresults,9.5,N/A,24,44.0121279,4.4196718
Uzes,Appartement des amoureux,https://www.booking.com/hotel/fr/appartement-des-amoureux-uzes.fr.html?aid=304142&label=gen173nr-10CAQoggJCC3NlYXJjaF91emVzSA1YBGhNiAEBmAEzuAEXyAEM2AED6AEB-AEBiAIBqAIBuAK534TSBsACAdICJDQwODhlYTQ2LTBkMDUtNGY0OC1hZmMzLTJmODcwYjhmNjljONgCAeACAQ&ucfs=1&arphpl=1&group_adults=2&req_adults=2&no_rooms=1&group_children=0&req_children=0&hpos=15&hapos=15&sr_order=popularity&srpvid=6a1e65dc22cd05ee&srepoch=1782656959&from=searchresults,7.9,N/A,24,44.0121279,4.4196718
Nimes,Appartement Climatisé Nimes,https://www.booking.com/hotel/fr/appartement-climatise-nimes-nimes2.fr.html?aid=304142&label=gen173nr-10CAQoggJCDHNlYXJjaF9uaW1lc0gNWARoTYgBAZgBM7gBF8gBDNgBA-gBAfgBAYgCAagCAbgC09-E0gbAAgHSAiRkZmRlZTJjNi1mZjUyLTQwYjItYmZiNS04ODE4ZjgyMzY2YTDYAgHgAgE&ucfs=1&arphpl=1&group_adults=2&req_adults=2&no_rooms=1&group_children=0&req_children=0&hpos=13&hapos=13&sr_order=popularity&srpvid=b4de65e91f590500&srepoch=1782656985&from=searchresults,0.0,N/A,25,43.8374249,4.3600687
Nimes,Studio du Parc Arena avec parking,https://www.booking.com/hotel/fr/studio-du-parc-arena-avec-parking.fr.html?aid=304142&label=gen173nr-10CAQoggJCDHNlYXJjaF9uaW1lc0gNWARoTYgBAZgBM7gBF8gBDNgBA-gBAfgBAYgCAagCAbgC09-E0gbAAgHSAiRkZmRlZTJjNi1mZjUyLTQwYjItYmZiNS04ODE4ZjgyMzY2YTDYAgHgAgE&ucfs=1&arphpl=1&group_adults=2&req_adults=2&no_rooms=1&group_children=0&req_children=0&hpos=14&hapos=14&sr_order=popularity&srpvid=b4de65e91f590500&srepoch=1782656985&from=searchresults,9.0,N/A,25,43.8374249,4.3600687
Nimes,Studio Nîmes Centre,https://www.booking.com/hotel/fr/studio-boucarie.fr.html?aid=304142&label=gen173nr-10CAQoggJCDHNlYXJjaF9uaW1lc0gNWARoTYgBAZgBM7gBF8gBDNgBA-gBAfgBAYgCAagCAbgC09-E0gbAAgHSAiRkZmRlZTJjNi1mZjUyLTQwYjItYmZiNS04ODE4ZjgyMzY2YTDYAgHgAgE&ucfs=1&arphpl=1&group_adults=2&req_adults=2&no_rooms=1&group_children=0&req_children=0&hpos=15&hapos=15&sr_order=popularity&srpvid=b4de65e91f590500&srepoch=1782656985&from=searchresults,8.7,N/A,25,43.8374249,4.3600687
Aigues Mortes,Charmante maison de pêcheur,https://www.booking.com/hotel/fr/charmante-maison-de-pecheur-aigues-mortes.fr.html?aid=304142&label=gen173nr-10CAQoggJCFHNlYXJjaF9haWd1ZXMgbW9ydGVzSA1YBGhNiAEBmAEzuAEXyAEM2AED6AEB-AEBiAIBqAIBuALs34TSBsACAdICJDNmZDI4ZWMzLTMwNGUtNDBmNy1iMjQyLTI1ZmM1NTFhNjgyYdgCAeACAQ&ucfs=1&arphpl=1&group_adults=2&req_adults=2&no_rooms=1&group_children=0&req_children=0&hpos=13&hapos=13&sr_order=popularity&srpvid=c36965f653cd04a5&srepoch=1782657010&from=searchresults,9.4,N/A,26,43.5661521,4.19154
Aigues Mortes,Maison dans les remparts d'Aigues-Mortes,https://www.booking.com/hotel/fr/maison-dans-les-remparts-d-aigues-mortes.fr.html?aid=304142&label=gen173nr-10CAQoggJCFHNlYXJjaF9haWd1ZXMgbW9ydGVzSA1YBGhNiAEBmAEzuAEXyAEM2AED6AEB-AEBiAIBqAIBuALs34TSBsACAdICJDNmZDI4ZWMzLTMwNGUtNDBmNy1iMjQyLTI1ZmM1NTFhNjgyYdgCAeACAQ&ucfs=1&arphpl=1&group_adults=2&req_adults=2&no_rooms=1&group_children=0&req_children=0&hpos=14&hapos=14&sr_order=popularity&srpvid=c36965f653cd04a5&srepoch=1782657010&from=searchresults,0.0,N/A,26,43.5661521,4.19154
Aigues Mortes,Belle marina avec piscine collective,https://www.booking.com/hotel/fr/marina-avec-appontement-aigues-mortes.fr.html?aid=304142&label=gen173nr-10CAQoggJCFHNlYXJjaF9haWd1ZXMgbW9ydGVzSA1YBGhNiAEBmAEzuAEXyAEM2AED6AEB-AEBiAIBqAIBuALs34TSBsACAdICJDNmZDI4ZWMzLTMwNGUtNDBmNy1iMjQyLTI1ZmM1NTFhNjgyYdgCAeACAQ&ucfs=1&arphpl=1&group_adults=2&req_adults=2&no_rooms=1&group_children=0&req_children=0&hpos=15&hapos=15&sr_order=popularity&srpvid=c36965f653cd04a5&srepoch=1782657010&from=searchresults,8.7,N/A,26,43.5661521,4.19154
Saintes Maries de la Mer,Jolie maisonnette à proximité de toutes commodités,https://www.booking.com/hotel/fr/jolie-maisonnette-a-proximite-de-toutes-commodites.fr.html?aid=304142&label=gen173nr-10CAQoggJCH3NlYXJjaF9zYWludGVzIG1hcmllcyBkZSBsYSBtZXJIDVgEaE2IAQGYATO4ARfIAQzYAQPoAQH4AQGIAgGoAgG4AoXghNIGwAIB0gIkZTZhNTBhZDMtMzRlMy00MzZlLWEyMGQtY2M5NjEyNGQ1Yjdh2AIB4AIB&ucfs=1&arphpl=1&group_adults=2&req_adults=2&no_rooms=1&group_children=0&req_children=0&hpos=13&hapos=13&sr_order=popularity&srpvid=fa20660212ab0334&srepoch=1782657035&from=searchresults,8.3,N/A,27,43.4515922,4.4277202
Saintes Maries de la Mer,Le Fangassier,https://www.booking.com/hotel/fr/le-fangassier.fr.html?aid=304142&label=gen173nr-10CAQoggJCH3NlYXJjaF9zYWludGVzIG1hcmllcyBkZSBsYSBtZXJIDVgEaE2IAQGYATO4ARfIAQzYAQPoAQH4AQGIAgGoAgG4AoXghNIGwAIB0gIkZTZhNTBhZDMtMzRlMy00MzZlLWEyMGQtY2M5NjEyNGQ1Yjdh2AIB4AIB&ucfs=1&arphpl=1&group_adults=2&req_adults=2&no_rooms=1&group_children=0&req_children=0&hpos=14&hapos=14&sr_order=popularity&srpvid=fa20660212ab0334&srepoch=1782657035&from=searchresults,9.1,N/A,27,43.4544348,4.4306847
Saintes Maries de la Mer,Camping Le Clos du Rhône,https://www.booking.com/hotel/fr/camping-le-clos-du-rhone.fr.html?aid=304142&label=gen173nr-10CAQoggJCH3NlYXJjaF9zYWludGVzIG1hcmllcyBkZSBsYSBtZXJIDVgEaE2IAQGYATO4ARfIAQzYAQPoAQH4AQGIAgGoAgG4AoXghNIGwAIB0gIkZTZhNTBhZDMtMzRlMy00MzZlLWEyMGQtY2M5NjEyNGQ1Yjdh2AIB4AIB&ucfs=1&arphpl=1&group_adults=2&req_adults=2&no_rooms=1&group_children=0&req_children=0&hpos=15&hapos=15&sr_order=popularity&srpvid=fa20660212ab0334&srepoch=1782657035&from_sustainable_property_sr=1&from=searchresults,8.4,N/A,27,43.4491057,4.4011735
Collioure,Appartement avec parking privatif à Collioure,https://www.booking.com/hotel/fr/appartement-collioure-collioure.fr.html?aid=304142&label=gen173nr-10CAQoggJCEHNlYXJjaF9jb2xsaW91cmVIDVgEaE2IAQGYATO4ARfIAQzYAQPoAQH4AQGIAgGoAgG4Ap_ghNIGwAIB0gIkOWY3NTNjNzQtYTk4NS00YmQ0LWFiZTQtNzdjZDJiOTA2NTlk2AIB4AIB&ucfs=1&arphpl=1&group_adults=2&req_adults=2&no_rooms=1&group_children=0&req_children=0&hpos=13&hapos=13&sr_order=popularity&srpvid=01fd660fe63b0b5f&srepoch=1782657061&from=searchresults,8.4,N/A,28,42.52505,3.0831554
Collioure,Appartement vue mer à 1 min à pied des plages avec parking privé,https://www.booking.com/hotel/fr/appartement-vue-mer-a-1-min-a-pied-des-plages-avec-parking-prive.fr.html?aid=304142&label=gen173nr-10CAQoggJCEHNlYXJjaF9jb2xsaW91cmVIDVgEaE2IAQGYATO4ARfIAQzYAQPoAQH4AQGIAgGoAgG4Ap_ghNIGwAIB0gIkOWY3NTNjNzQtYTk4NS00YmQ0LWFiZTQtNzdjZDJiOTA2NTlk2AIB4AIB&ucfs=1&arphpl=1&group_adults=2&req_adults=2&no_rooms=1&group_children=0&req_children=0&hpos=14&hapos=14&sr_order=popularity&srpvid=01fd660fe63b0b5f&srepoch=1782657061&from=searchresults,8.9,N/A,28,42.52505,3.0831554
Collioure,2VSE-ALZ07 Studio dans résidence calme proche plage Collioure,https://www.booking.com/hotel/fr/2vse-alz07-studio-dans-residence-calme-proche-plage-collioure.fr.html?aid=304142&label=gen173nr-10CAQoggJCEHNlYXJjaF9jb2xsaW91cmVIDVgEaE2IAQGYATO4ARfIAQzYAQPoAQH4AQGIAgGoAgG4Ap_ghNIGwAIB0gIkOWY3NTNjNzQtYTk4NS00YmQ0LWFiZTQtNzdjZDJiOTA2NTlk2AIB4AIB&ucfs=1&arphpl=1&group_adults=2&req_adults=2&no_rooms=1&group_children=0&req_children=0&hpos=15&hapos=15&sr_order=popularity&srpvid=01fd660fe63b0b5f&srepoch=1782657061&from=searchresults,7.9,N/A,28,42.52505,3.0831554
Carcassonne,Studio avec parking vue sur la Cité de Carcassonne,https://www.booking.com/hotel/fr/studio-avec-parking-vue-sur-la-cite-de-carcassonne-carcassonne.fr.html?aid=304142&label=gen173nr-10CAQoggJCEnNlYXJjaF9jYXJjYXNzb25uZUgNWARoTYgBAZgBM7gBF8gBDNgBA-gBAfgBAYgCAagCAbgCuOCE0gbAAgHSAiQ1MTEzMmM4ZS02MWUxLTQxZmUtOGNlMy0wNzU2YTI0NDZmNjTYAgHgAgE&ucfs=1&arphpl=1&group_adults=2&req_adults=2&no_rooms=1&group_children=0&req_children=0&hpos=13&hapos=13&sr_order=popularity&srpvid=ec9f661c8512050d&srepoch=1782657086&from=searchresults,8.8,N/A,29,43.2130358,2.3491069
Carcassonne,T2 Gautier proche Cité Médiévale parking privé,https://www.booking.com/hotel/fr/grand-t2-lumineux-proche-de-la-cite-medievale.fr.html?aid=304142&label=gen173nr-10CAQoggJCEnNlYXJjaF9jYXJjYXNzb25uZUgNWARoTYgBAZgBM7gBF8gBDNgBA-gBAfgBAYgCAagCAbgCuOCE0gbAAgHSAiQ1MTEzMmM4ZS02MWUxLTQxZmUtOGNlMy0wNzU2YTI0NDZmNjTYAgHgAgE&ucfs=1&arphpl=1&group_adults=2&req_adults=2&no_rooms=1&group_children=0&req_children=0&hpos=14&hapos=14&sr_order=popularity&srpvid=ec9f661c8512050d&srepoch=1782657086&from=searchresults,8.6,N/A,29,43.2130358,2.3491069
Carcassonne,Appartement PETIT SAINT GIMER,https://www.booking.com/hotel/fr/appartement-petit-saint-gimer.fr.html?aid=304142&label=gen173nr-10CAQoggJCEnNlYXJjaF9jYXJjYXNzb25uZUgNWARoTYgBAZgBM7gBF8gBDNgBA-gBAfgBAYgCAagCAbgCuOCE0gbAAgHSAiQ1MTEzMmM4ZS02MWUxLTQxZmUtOGNlMy0wNzU2YTI0NDZmNjTYAgHgAgE&ucfs=1&arphpl=1&group_adults=2&req_adults=2&no_rooms=1&group_children=0&req_children=0&hpos=15&hapos=15&sr_order=popularity&srpvid=ec9f661c8512050d&srepoch=1782657086&from=searchresults,9.6,N/A,29,43.2130358,2.3491069
Ariege,REVERIE,https://www.booking.com/hotel/fr/reverie-ax-les-thermes.fr.html?aid=304142&label=gen173nr-10CAQoggJCDXNlYXJjaF9hcmllZ2VIDVgEaE2IAQGYATO4ARfIAQzYAQPoAQH4AQGIAgGoAgG4AtHghNIGwAIB0gIkMTJlMTk4ZDYtZGE4MS00ODhjLWI1ZmUtYTk3MmU5YmE2ZDZl2AIB4AIB&ucfs=1&arphpl=1&group_adults=2&req_adults=2&no_rooms=1&group_children=0&req_children=0&hpos=13&hapos=13&sr_order=popularity&srpvid=45bf66287c6109e4&srepoch=1782657111&from=searchresults,8.6,N/A,30,42.9455368,1.4065544
Ariege,Gîte la Lanterne transition écologique avec borne de recharge 7kw Site sous vidéo protection,https://www.booking.com/hotel/fr/gite-la-lanterne-nalzen.fr.html?aid=304142&label=gen173nr-10CAQoggJCDXNlYXJjaF9hcmllZ2VIDVgEaE2IAQGYATO4ARfIAQzYAQPoAQH4AQGIAgGoAgG4AtHghNIGwAIB0gIkMTJlMTk4ZDYtZGE4MS00ODhjLWI1ZmUtYTk3MmU5YmE2ZDZl2AIB4AIB&ucfs=1&arphpl=1&group_adults=2&req_adults=2&no_rooms=1&group_children=0&req_children=0&hpos=14&hapos=14&sr_order=popularity&srpvid=45bf66287c6109e4&srepoch=1782657111&from=searchresults,9.0,N/A,30,42.9455368,1.4065544
Ariege,Chambres d hôtes H,https://www.booking.com/hotel/fr/chambres-d-hotes-h.fr.html?aid=304142&label=gen173nr-10CAQoggJCDXNlYXJjaF9hcmllZ2VIDVgEaE2IAQGYATO4ARfIAQzYAQPoAQH4AQGIAgGoAgG4AtHghNIGwAIB0gIkMTJlMTk4ZDYtZGE4MS00ODhjLWI1ZmUtYTk3MmU5YmE2ZDZl2AIB4AIB&ucfs=1&arphpl=1&group_adults=2&req_adults=2&no_rooms=1&group_children=0&req_children=0&hpos=15&hapos=15&sr_order=popularity&srpvid=45bf66287c6109e4&srepoch=1782657111&from=searchresults,9.0,N/A,30,42.9455368,1.4065544
Toulouse,Hôtel Riquet,https://www.booking.com/hotel/fr/riquet.fr.html?aid=304142&label=gen173nr-10CAQoggJCD3NlYXJjaF90b3Vsb3VzZUgNWARoTYgBAZgBM7gBF8gBDNgBA-gBAfgBAYgCAagCAbgC6-CE0gbAAgHSAiQzOWI5YjJmMC1kNDdmLTRjZDctODhjZC1lZjY1MDQ2MTM4NjjYAgHgAgE&ucfs=1&arphpl=1&group_adults=2&req_adults=2&no_rooms=1&group_children=0&req_children=0&hpos=13&hapos=13&sr_order=popularity&srpvid=7ab6663523b80ab1&srepoch=1782657137&from=searchresults,7.3,N/A,31,43.6082746,1.4539766
Toulouse,Blue Bird - Logement sur les Ramblas,https://www.booking.com/hotel/fr/blue-bird-logement-sur-les-ramblas.fr.html?aid=304142&label=gen173nr-10CAQoggJCD3NlYXJjaF90b3Vsb3VzZUgNWARoTYgBAZgBM7gBF8gBDNgBA-gBAfgBAYgCAagCAbgC6-CE0gbAAgHSAiQzOWI5YjJmMC1kNDdmLTRjZDctODhjZC1lZjY1MDQ2MTM4NjjYAgHgAgE&ucfs=1&arphpl=1&group_adults=2&req_adults=2&no_rooms=1&group_children=0&req_children=0&hpos=14&hapos=14&sr_order=popularity&srpvid=7ab6663523b80ab1&srepoch=1782657137&from=searchresults,8.0,N/A,31,43.6044638,1.4442433
Toulouse,Residhome Toulouse Occitania,https://www.booking.com/hotel/fr/residhome-toulouse-occitania.fr.html?aid=304142&label=gen173nr-10CAQoggJCD3NlYXJjaF90b3Vsb3VzZUgNWARoTYgBAZgBM7gBF8gBDNgBA-gBAfgBAYgCAagCAbgC6-CE0gbAAgHSAiQzOWI5YjJmMC1kNDdmLTRjZDctODhjZC1lZjY1MDQ2MTM4NjjYAgHgAgE&ucfs=1&arphpl=1&group_adults=2&req_adults=2&no_rooms=1&group_children=0&req_children=0&hpos=15&hapos=15&sr_order=popularity&srpvid=7ab6663523b80ab1&srepoch=1782657137&from=searchresults,8.6,N/A,31,43.5937265,1.4099117
Montauban,Kyriad Montauban Sud - Albasud,https://www.booking.com/hotel/fr/hoteletrestaurantcampanilemontauban.fr.html?aid=304142&label=gen173nr-10CAQoggJCEHNlYXJjaF9tb250YXViYW5IDVgEaE2IAQGYATO4ARfIAQzYAQPoAQH4AQGIAgGoAgG4AoThhNIGwAIB0gIkZmU0ZDMzMzEtZGRjZS00ZDQ3LTg1YzAtNzExZDJiZWQyY2Y52AIB4AIB&ucfs=1&arphpl=1&group_adults=2&req_adults=2&no_rooms=1&group_children=0&req_children=0&hpos=13&hapos=13&sr_order=popularity&srpvid=c7cf664258ac021a&srepoch=1782657162&from=searchresults,7.2,N/A,32,44.0175835,1.3549991
Montauban,Villa haut de gamme Montauban,https://www.booking.com/hotel/fr/villa-haut-de-gamme-montauban.fr.html?aid=304142&label=gen173nr-10CAQoggJCEHNlYXJjaF9tb250YXViYW5IDVgEaE2IAQGYATO4ARfIAQzYAQPoAQH4AQGIAgGoAgG4AoThhNIGwAIB0gIkZmU0ZDMzMzEtZGRjZS00ZDQ3LTg1YzAtNzExZDJiZWQyY2Y52AIB4AIB&ucfs=1&arphpl=1&group_adults=2&req_adults=2&no_rooms=1&group_children=0&req_children=0&hpos=14&hapos=14&sr_order=popularity&srpvid=c7cf664258ac021a&srepoch=1782657162&from=searchresults,9.7,N/A,32,44.0175835,1.3549991
Montauban,Chez Amélie T3 Lumineux Montauban,https://www.booking.com/hotel/fr/chez-amelie-t3-lumineux-montauban.fr.html?aid=304142&label=gen173nr-10CAQoggJCEHNlYXJjaF9tb250YXViYW5IDVgEaE2IAQGYATO4ARfIAQzYAQPoAQH4AQGIAgGoAgG4AoThhNIGwAIB0gIkZmU0ZDMzMzEtZGRjZS00ZDQ3LTg1YzAtNzExZDJiZWQyY2Y52AIB4AIB&ucfs=1&arphpl=1&group_adults=2&req_adults=2&no_rooms=1&group_children=0&req_children=0&hpos=15&hapos=15&sr_order=popularity&srpvid=c7cf664258ac021a&srepoch=1782657162&from=searchresults,9.3,N/A,32,44.0175835,1.3549991
Biarritz,Le Talaia Hôtel & Spa Biarritz - MGallery Collection,https://www.booking.com/hotel/fr/mgallery-hotel-biarritz.fr.html?aid=304142&label=gen173nr-10CAQoggJCD3NlYXJjaF9iaWFycml0ekgNWARoTYgBAZgBM7gBF8gBDNgBA-gBAfgBAYgCAagCAbgCnuGE0gbAAgHSAiRkNjkxNjFiZi04ZDFiLTQ4ODgtOGE0Zi0zY2IyMDFhZjJlZDjYAgHgAgE&ucfs=1&arphpl=1&group_adults=2&req_adults=2&no_rooms=1&group_children=0&req_children=0&hpos=13&hapos=13&sr_order=popularity&srpvid=619e664f0778043c&srepoch=1782657188&from_sustainable_property_sr=1&from=searchresults,9.1,N/A,33,43.4832523,-1.5592776
Biarritz,Hôtel Barnea,https://www.booking.com/hotel/fr/hotelargieder.fr.html?aid=304142&label=gen173nr-10CAQoggJCD3NlYXJjaF9iaWFycml0ekgNWARoTYgBAZgBM7gBF8gBDNgBA-gBAfgBAYgCAagCAbgCnuGE0gbAAgHSAiRkNjkxNjFiZi04ZDFiLTQ4ODgtOGE0Zi0zY2IyMDFhZjJlZDjYAgHgAgE&ucfs=1&arphpl=1&group_adults=2&req_adults=2&no_rooms=1&group_children=0&req_children=0&hpos=14&hapos=14&sr_order=popularity&srpvid=619e664f0778043c&srepoch=1782657188&from=searchresults,8.9,N/A,33,43.4832523,-1.5592776
Biarritz,"L'océan à perte de vue, la grande plage à vos pieds",https://www.booking.com/hotel/fr/l-39-ocean-a-perte-de-vue-la-grande-plage-a-vos-pieds.fr.html?aid=304142&label=gen173nr-10CAQoggJCD3NlYXJjaF9iaWFycml0ekgNWARoTYgBAZgBM7gBF8gBDNgBA-gBAfgBAYgCAagCAbgCnuGE0gbAAgHSAiRkNjkxNjFiZi04ZDFiLTQ4ODgtOGE0Zi0zY2IyMDFhZjJlZDjYAgHgAgE&ucfs=1&arphpl=1&group_adults=2&req_adults=2&no_rooms=1&group_children=0&req_children=0&hpos=15&hapos=15&sr_order=popularity&srpvid=619e664f0778043c&srepoch=1782657188&from=searchresults,9.4,N/A,33,43.4832523,-1.5592776
Bayonne,Studio Centre Ville Office De Tourisme,https://www.booking.com/hotel/fr/studio-centre-ville-office-de-tourisme.fr.html?aid=304142&label=gen173nr-10CAQoggJCDnNlYXJjaF9iYXlvbm5lSA1YBGhNiAEBmAEzuAEXyAEM2AED6AEB-AEBiAIBqAIBuAK34YTSBsACAdICJGQxM2NiYTFlLTYxMmMtNDgzOC1iNTZjLTAyZDkxYjczMGYxZNgCAeACAQ&ucfs=1&arphpl=1&group_adults=2&req_adults=2&no_rooms=1&group_children=0&req_children=0&hpos=13&hapos=13&sr_order=popularity&srpvid=1eb9665b0d8e150a&srepoch=1782657213&from=searchresults,9.4,N/A,34,43.4945144,-1.4736657
Bayonne,Appartement résidence récente,https://www.booking.com/hotel/fr/appartement-residence-neuve.fr.html?aid=304142&label=gen173nr-10CAQoggJCDnNlYXJjaF9iYXlvbm5lSA1YBGhNiAEBmAEzuAEXyAEM2AED6AEB-AEBiAIBqAIBuAK34YTSBsACAdICJGQxM2NiYTFlLTYxMmMtNDgzOC1iNTZjLTAyZDkxYjczMGYxZNgCAeACAQ&ucfs=1&arphpl=1&group_adults=2&req_adults=2&no_rooms=1&group_children=0&req_children=0&hpos=14&hapos=14&sr_order=popularity&srpvid=1eb9665b0d8e150a&srepoch=1782657213&from=searchresults,8.6,N/A,34,43.4945144,-1.4736657
Bayonne,Hotel Loreak,https://www.booking.com/hotel/fr/comfort-bayonne-biarritz.fr.html?aid=304142&label=gen173nr-10CAQoggJCDnNlYXJjaF9iYXlvbm5lSA1YBGhNiAEBmAEzuAEXyAEM2AED6AEB-AEBiAIBqAIBuAK34YTSBsACAdICJGQxM2NiYTFlLTYxMmMtNDgzOC1iNTZjLTAyZDkxYjczMGYxZNgCAeACAQ&ucfs=1&arphpl=1&group_adults=2&req_adults=2&no_rooms=1&group_children=0&req_children=0&hpos=15&hapos=15&sr_order=popularity&srpvid=1eb9665b0d8e150a&srepoch=1782657213&from=searchresults,8.4,N/A,34,43.493542,-1.4524777
La Rochelle,Novotel La Rochelle Centre,https://www.booking.com/hotel/fr/la-rochelle-centre.fr.html?aid=304142&label=gen173nr-10CAQoggJCEnNlYXJjaF9sYSByb2NoZWxsZUgNWARoTYgBAZgBM7gBF8gBDNgBA-gBAfgBAYgCAagCAbgC0OGE0gbAAgHSAiQzYTcxZDcyYi0zZDBiLTRkOTktODJjYS0wMDMxYjYxN2E4YmHYAgHgAgE&ucfs=1&arphpl=1&group_adults=2&req_adults=2&no_rooms=1&group_children=0&req_children=0&hpos=13&hapos=13&sr_order=popularity&srpvid=949a66686950043a&srepoch=1782657238&from_sustainable_property_sr=1&from=searchresults,8.4,N/A,35,46.16067,-1.1586443
La Rochelle,Mercure La Rochelle Vieux Port,https://www.booking.com/hotel/fr/la-rochelle-vieux-port-sud.fr.html?aid=304142&label=gen173nr-10CAQoggJCEnNlYXJjaF9sYSByb2NoZWxsZUgNWARoTYgBAZgBM7gBF8gBDNgBA-gBAfgBAYgCAagCAbgC0OGE0gbAAgHSAiQzYTcxZDcyYi0zZDBiLTRkOTktODJjYS0wMDMxYjYxN2E4YmHYAgHgAgE&ucfs=1&arphpl=1&group_adults=2&req_adults=2&no_rooms=1&group_children=0&req_children=0&hpos=14&hapos=14&sr_order=popularity&srpvid=949a66686950043a&srepoch=1782657238&from_sustainable_property_sr=1&from=searchresults,8.8,N/A,35,46.159732,-1.1515951
La Rochelle,Appt Studio LA ROCHELLE - LR010-212,https://www.booking.com/hotel/fr/appt-studio-la-rochelle-lr010-212.fr.html?aid=304142&label=gen173nr-10CAQoggJCEnNlYXJjaF9sYSByb2NoZWxsZUgNWARoTYgBAZgBM7gBF8gBDNgBA-gBAfgBAYgCAagCAbgC0OGE0gbAAgHSAiQzYTcxZDcyYi0zZDBiLTRkOTktODJjYS0wMDMxYjYxN2E4YmHYAgHgAgE&ucfs=1&arphpl=1&group_adults=2&req_adults=2&no_rooms=1&group_children=0&req_children=0&hpos=15&hapos=15&sr_order=popularity&srpvid=949a66686950043a&srepoch=1782657238&from=searchresults,6.8,N/A,35,46.159732,-1.1515951
